Timestamp,Milliseconds,X,Y,Z
2019-10-30 20:55:36,5,-0.35733032,0.12910461,9.077469
2019-10-30 20:55:36,14,-0.30465698,0.8449707,8.579468
2019-10-30 20:55:36,23,-0.30465698,0.8449707,8.579468
2019-10-30 20:55:36,34,0.2340393,1.1609955,8.715942
2019-10-30 20:55:36,44,0.636261,1.2112732,8.778183
2019-10-30 20:55:36,54,0.7535858,1.1849518,8.692001
2019-10-30 20:55:36,63,0.6147156,0.93115234,8.399902
2019-10-30 20:55:36,73,0.32980347,0.78271484,8.050354
2019-10-30 20:55:36,83,0.26037598,0.957489,7.861206
2019-10-30 20:55:36,94,0.0927887,1.0963593,7.710373
2019-10-30 20:55:36,103,0.018569946,1.3022614,7.873184
2019-10-30 20:55:36,114,0.15742493,1.6518097,8.189209
2019-10-30 20:55:36,123,0.42318726,2.003769,8.565109
2019-10-30 20:55:36,134,0.98342896,2.6286469,8.677628
2019-10-30 20:55:36,143,1.0767975,2.7531433,7.40152
2019-10-30 20:55:36,154,0.12869263,2.8776398,7.334488
2019-10-30 20:55:36,163,-0.9008026,2.5280914,11.45491
2019-10-30 20:55:36,173,-1.3700714,1.3166199,15.333511
2019-10-30 20:55:36,184,-1.8225708,0.53611755,17.275208
2019-10-30 20:55:36,193,-1.9279175,-0.4191742,19.147476
2019-10-30 20:55:36,203,-1.8704681,-0.5292969,19.87053
2019-10-30 20:55:36,214,-2.0691833,-0.35691833,20.016571
2019-10-30 20:55:36,224,-2.2272034,-0.50775146,19.564072
2019-10-30 20:55:36,233,-1.7459564,-0.12947083,17.586456
2019-10-30 20:55:36,244,-0.74757385,0.40922546,16.164307
2019-10-30 20:55:36,255,0.6027527,0.9742584,14.802002
2019-10-30 20:55:36,263,2.6976776,2.4418945,11.63208
2019-10-30 20:55:36,274,3.2914429,3.0596008,8.059921
2019-10-30 20:55:36,283,2.015335,1.3262024,11.426178
2019-10-30 20:55:36,294,1.5005798,-1.6450043,15.929672
2019-10-30 20:55:36,303,0.7751312,-3.4238892,18.477097
2019-10-30 20:55:36,314,-0.44351196,-4.0607452,19.542511
2019-10-30 20:55:36,323,-0.23283386,-3.632187,19.784332
2019-10-30 20:55:36,335,0.46388245,-2.6338043,18.671036
2019-10-30 20:55:36,343,1.1725616,-1.6497955,16.506668
2019-10-30 20:55:36,353,1.972229,-0.893219,14.505112
2019-10-30 20:55:36,363,1.8309784,-0.55085754,12.355118
2019-10-30 20:55:36,374,1.6633759,-0.48620605,10.660034
2019-10-30 20:55:36,383,1.0648346,-0.17974854,8.490875
2019-10-30 20:55:36,394,-0.42196655,0.5337219,5.464615
2019-10-30 20:55:36,403,-1.0492554,0.5624542,5.1006927
2019-10-30 20:55:36,414,-1.051651,0.53611755,5.814163
2019-10-30 20:55:36,423,-1.0779877,0.4906311,6.482147
2019-10-30 20:55:36,433,-1.6286469,0.24401855,5.8788147
2019-10-30 20:55:36,444,-1.8153992,0.18894958,4.9761963
2019-10-30 20:55:36,453,-1.6166687,0.41879272,3.9945679
2019-10-30 20:55:36,463,-0.7787018,0.7084961,2.8333893
2019-10-30 20:55:36,474,-0.12988281,1.1586151,2.136673
2019-10-30 20:55:36,483,0.29389954,1.4267578,1.7224731
2019-10-30 20:55:36,493,0.6841583,1.7739258,1.6745911
2019-10-30 20:55:36,504,0.93315125,2.0827637,1.9092255
2019-10-30 20:55:36,514,0.9427185,2.1402283,2.3473663
2019-10-30 20:55:36,524,1.0097656,2.1617737,2.5628357
2019-10-30 20:55:36,534,1.3569183,2.0660095,2.8573303
2019-10-30 20:55:36,543,1.2108765,1.6829376,2.658615
2019-10-30 20:55:36,553,0.84695435,1.1274872,2.270752
2019-10-30 20:55:36,564,0.55007935,0.7683563,2.1414642
2019-10-30 20:55:36,573,0.38008118,0.7084961,2.105545
2019-10-30 20:55:36,583,0.37530518,0.7779236,2.0241394
2019-10-30 20:55:36,593,0.3896637,0.6582184,1.9618988
2019-10-30 20:55:36,604,0.5045929,0.7108917,1.9547119
2019-10-30 20:55:36,614,0.6099243,0.79948425,2.1989136
2019-10-30 20:55:36,624,0.6338806,0.8928528,2.8860626
2019-10-30 20:55:36,634,0.99061584,1.0149536,3.4151764
2019-10-30 20:55:36,643,1.3784637,1.0604401,3.8269806
2019-10-30 20:55:36,653,1.7136536,1.1849518,4.303421
2019-10-30 20:55:36,663,1.4407196,1.1777649,5.038437
2019-10-30 20:55:36,673,-0.26634216,1.5321045,6.4941254
2019-10-30 20:55:36,684,-3.1202393,2.5256958,6.5755157
2019-10-30 20:55:36,693,-4.791382,4.043625,7.813324
2019-10-30 20:55:36,703,-4.190445,5.693222,9.127747
2019-10-30 20:55:36,713,-2.4307098,6.744278,11.476456
2019-10-30 20:55:36,724,0.3681183,7.452957,13.923325
2019-10-30 20:55:36,733,3.1358185,6.974121,18.596802
2019-10-30 20:55:36,744,1.9051971,3.9406738,23.313385
2019-10-30 20:55:36,753,-1.8608856,1.6661835,27.634918
2019-10-30 20:55:36,763,-5.641327,0.5217438,30.19432
2019-10-30 20:55:37,773,-6.491272,0.84017944,28.537537
2019-10-30 20:55:37,784,-4.202408,1.6302643,23.282257
2019-10-30 20:55:37,793,-0.76434326,2.324585,15.807556
2019-10-30 20:55:37,803,2.6234589,2.0540466,13.09494
2019-10-30 20:55:37,813,6.530792,1.8864441,18.536957
2019-10-30 20:55:37,823,8.692749,0.057281494,24.900742
2019-10-30 20:55:37,834,8.848373,-1.1709442,30.522324
2019-10-30 20:55:37,843,7.0766754,-4.1876373,31.484802
2019-10-30 20:55:37,854,4.869217,-5.32489,29.890259
2019-10-30 20:55:37,863,2.367279,-5.4039,26.789764
2019-10-30 20:55:37,874,0.9714508,-4.972946,23.502533
2019-10-30 20:55:37,884,0.46388245,-3.759079,18.541748
2019-10-30 20:55:37,893,0.96188354,-2.8708344,16.178665
2019-10-30 20:55:37,904,0.94511414,-2.1669312,12.9943695
2019-10-30 20:55:37,913,0.30825806,-1.7072449,11.294495
2019-10-30 20:55:37,924,-0.26634216,-1.2619324,9.8316345
2019-10-30 20:55:37,933,-0.4961853,-0.5292969,7.6840363
2019-10-30 20:55:37,944,-0.5392914,0.4403534,4.35849
2019-10-30 20:55:37,953,-0.6111145,0.67019653,3.065628
2019-10-30 20:55:37,964,-0.63505554,-0.040893555,1.1382904
2019-10-30 20:55:37,973,0.8661041,-0.45507812,0.23327637
2019-10-30 20:55:37,983,1.4431152,-0.17974854,-0.07318115
2019-10-30 20:55:37,994,0.43037415,0.009384155,-0.07557678
2019-10-30 20:55:37,1003,-0.57040405,0.121917725,-0.1186676
2019-10-30 20:55:37,1014,-1.5113373,0.117126465,0.60917664
2019-10-30 20:55:37,1024,-2.1888885,0.27514648,1.4543304
2019-10-30 20:55:37,1034,-3.3069763,0.45231628,2.4120026
2019-10-30 20:55:37,1043,-4.171295,0.39485168,1.4806671
2019-10-30 20:55:37,1054,-3.3141632,0.34457397,-0.22640991
2019-10-30 20:55:37,1063,-0.6661835,0.68455505,-0.12825012
2019-10-30 20:55:37,1074,0.9714508,1.2759247,0.58761597
2019-10-30 20:55:37,1083,0.016174316,1.225647,0.93717957
2019-10-30 20:55:37,1094,-1.0827637,1.6589966,0.53256226
2019-10-30 20:55:37,1103,-0.8768616,2.664566,-0.59750366
2019-10-30 20:55:37,1114,0.08560181,3.6461792,-0.942276
2019-10-30 20:55:37,1123,0.09039307,2.9638367,-0.21203613
2019-10-30 20:55:37,1134,-0.27592468,1.6925201,-0.07797241
2019-10-30 20:55:37,1143,0.061660767,0.7300415,0.13272095
2019-10-30 20:55:37,1154,0.67697144,0.0046081543,0.47988892
2019-10-30 20:55:37,1164,1.1294708,-0.44551086,1.4208069
2019-10-30 20:55:37,1173,1.0552521,-0.69210815,3.5540314
2019-10-30 20:55:37,1183,-2.6868896,-0.56282043,9.836426
2019-10-30 20:55:37,1194,-2.684494,-0.57240295,10.710312
2019-10-30 20:55:37,1203,-3.4482422,-1.8700562,12.508347
2019-10-30 20:55:37,1214,-1.3078308,-3.517273,11.083801
2019-10-30 20:55:37,1223,1.493393,-3.7710571,9.929794
2019-10-30 20:55:37,1234,3.1334229,-2.8444977,8.359207
2019-10-30 20:55:37,1243,4.6297913,-1.1685486,5.2898407
2019-10-30 20:55:37,1254,6.5427704,0.63427734,2.9578857
2019-10-30 20:55:37,1269,8.137299,3.0548096,2.191742
2019-10-30 20:55:37,1274,8.151672,3.1840973,2.1103363
2019-10-30 20:55:37,1284,2.7359772,4.49852,1.6721954
2019-10-30 20:55:37,1294,-0.06762695,5.772232,0.39369202
2019-10-30 20:55:37,1303,-4.3771973,10.009979,-2.168106
2019-10-30 20:55:37,1313,-7.037155,13.182297,-2.5368042
2019-10-30 20:55:37,1324,-6.460144,13.917313,-2.156128
2019-10-30 20:55:37,1333,5.410309,8.300507,0.6474762
2019-10-30 20:55:37,1343,8.982452,3.8377228,7.502075
2019-10-30 20:55:37,1353,8.924988,-1.2140503,17.026215
2019-10-30 20:55:37,1363,10.229828,-6.5483246,28.025177
2019-10-30 20:55:37,1374,11.120483,-8.86113,42.857254
2019-10-30 20:55:37,1383,12.655167,-8.4253845,50.15718
2019-10-30 20:55:37,1393,9.372711,-8.121323,48.107742
2019-10-30 20:55:37,1403,11.738174,-6.8069,40.709656
2019-10-30 20:55:37,1415,13.083725,-5.1094055,31.113693
2019-10-30 20:55:37,1423,13.363846,-5.135742,23.5121
2019-10-30 20:55:37,1434,11.9201355,-8.020767,23.68927
2019-10-30 20:55:37,1443,7.419037,-11.104492,31.343536
2019-10-30 20:55:37,1454,5.1636963,-12.610443,36.874146
2019-10-30 20:55:37,1463,4.12941,-11.592911,38.46869
2019-10-30 20:55:37,1475,3.5164948,-9.292084,36.605988
2019-10-30 20:55:37,1483,2.6450043,-7.3384094,31.743362
2019-10-30 20:55:37,1495,1.833374,-5.4757233,23.277466
2019-10-30 20:55:37,1503,0.7823181,-3.304184,14.69426
2019-10-30 20:55:37,1514,0.08081055,-2.1070862,7.916275
2019-10-30 20:55:37,1523,-0.7667389,-1.6593628,3.1183014
2019-10-30 20:55:37,1534,-2.2176208,-0.93870544,-0.15219116
2019-10-30 20:55:37,1543,-2.8808136,-0.37368774,-3.116211
2019-10-30 20:55:37,1555,-2.598297,0.1362915,-6.365143
2019-10-30 20:55:37,1564,-2.2511444,0.24162292,-8.768921
2019-10-30 20:55:37,1573,-2.1721344,-0.079193115,-9.697861
2019-10-30 20:55:37,1584,-1.7746887,-0.5388794,-9.606888
2019-10-30 20:55:37,1593,-1.9231262,-0.98420715,-8.651596
2019-10-30 20:55:37,1604,-2.581543,-1.640213,-7.409012
2019-10-30 20:55:37,1613,-3.5248566,-2.624237,-6.389084
2019-10-30 20:55:37,1623,-4.0539703,-3.1437683,-5.354782
2019-10-30 20:55:37,1634,-4.15213,-3.3257294,-4.488083
2019-10-30 20:55:37,1643,-3.898346,-3.1988373,-4.0116425
2019-10-30 20:55:37,1654,-3.6924438,-3.0719452,-3.887146
2019-10-30 20:55:37,1664,-3.2830353,-2.5188904,-4.5575104
2019-10-30 20:55:37,1673,-2.5360565,-1.7168274,-5.8695374
2019-10-30 20:55:37,1683,-1.4754181,-0.8166046,-7.114517
2019-10-30 20:55:37,1694,-0.972641,-0.1845398,-7.306061
2019-10-30 20:55:37,1703,-0.9271393,-0.083984375,-6.2574005
2019-10-30 20:55:37,1713,-0.972641,-0.38804626,-4.808914
2019-10-30 20:55:37,1723,-0.98939514,-0.5580292,-3.5591278
2019-10-30 20:55:37,1736,-0.74757385,-0.6466217,-2.4314728
2019-10-30 20:55:37,1743,-0.82658386,-0.7375946,-1.9693909
2019-10-30 20:55:37,1754,-0.85292053,-0.8357544,-1.2319641
2019-10-30 20:55:37,1763,-0.8170166,-0.81181335,-1.0739594
2019-10-30 20:55:38,1774,-0.29507446,-0.4909973,-1.1362
2019-10-30 20:55:38,1784,0.11193848,-0.083984375,-1.4713898
2019-10-30 20:55:38,1793,0.39205933,0.19613647,-1.5384216
2019-10-30 20:55:38,1803,0.5668335,0.42837524,-1.160141
2019-10-30 20:55:38,1814,0.29389954,0.31585693,0.022598267
2019-10-30 20:55:38,1823,0.22207642,0.4116211,0.77197266
2019-10-30 20:55:38,1834,0.4255829,0.4738617,2.6107178
2019-10-30 20:55:38,1843,0.6961212,0.7875061,4.2507477
2019-10-30 20:55:38,1853,0.6171112,1.4937897,7.200409
2019-10-30 20:55:38,1863,-0.10594177,1.9103851,11.184357
2019-10-30 20:55:38,1874,-0.09635925,2.597519,14.430893
2019-10-30 20:55:38,1884,3.4470673,2.2671204,17.38295
2019-10-30 20:55:38,1893,8.259399,-2.1310272,26.770615
2019-10-30 20:55:38,1903,12.363068,-9.976822,48.332794
2019-10-30 20:55:38,1914,12.396591,-16.144287,72.48071
2019-10-30 20:55:38,1923,11.015137,-18.320618,78.600296
2019-10-30 20:55:38,1935,13.04541,-16.067673,78.64099
2019-10-30 20:55:38,1943,18.128311,-8.889862,69.00673
2019-10-30 20:55:38,1954,21.44667,-2.0687714,53.84903
2019-10-30 20:55:38,1963,19.287094,2.348526,42.63939
2019-10-30 20:55:38,1973,13.730164,3.3349304,35.399323
2019-10-30 20:55:38,1983,8.55629,2.1881104,29.466476
2019-10-30 20:55:38,1995,5.2068024,0.88087463,23.710815
2019-10-30 20:55:38,2004,3.4757843,0.1362915,19.89447
2019-10-30 20:55:38,2014,3.4326935,0.13867188,15.891357
2019-10-30 20:55:38,2024,4.1653137,0.660614,10.671997
2019-10-30 20:55:38,2033,3.545227,0.95988464,5.2467346
2019-10-30 20:55:38,2044,2.786255,0.68455505,-0.06599426
2019-10-30 20:55:38,2054,1.4479065,0.021362305,-4.112198
2019-10-30 20:55:38,2064,0.15982056,-0.6035309,-6.721878
2019-10-30 20:55:38,2073,-1.2431793,-1.1398315,-8.371475
2019-10-30 20:55:38,2084,-2.7658997,-1.0584259,-10.593292
2019-10-30 20:55:38,2094,-3.9127197,-0.67774963,-13.523804
2019-10-30 20:55:38,2103,-4.2646637,-0.16299438,-16.231644
2019-10-30 20:55:38,2114,-4.2646637,0.31585693,-15.992218
2019-10-30 20:55:38,2124,-3.2998047,-0.6178894,-16.473465
2019-10-30 20:55:38,2133,-3.4769745,-1.5635986,-13.92363
2019-10-30 20:55:38,2143,-3.9606018,-2.6266174,-10.569351
2019-10-30 20:55:38,2153,-3.2998047,-3.996109,-8.266129
2019-10-30 20:55:38,2163,-3.4410553,-4.6736603,-6.2765503
2019-10-30 20:55:38,2174,-3.5057068,-5.1213837,-4.3947144
2019-10-30 20:55:38,2183,-3.0795288,-4.917877,-3.1425476
2019-10-30 20:55:38,2193,-2.5360565,-4.4366455,-2.1273956
2019-10-30 20:55:38,2204,-1.1929016,-3.5388184,-1.5216675
2019-10-30 20:55:38,2213,0.6434479,-2.0544128,-1.3133698
2019-10-30 20:55:38,2224,1.280304,-1.0488434,-1.0308533
2019-10-30 20:55:38,2233,1.1486206,-0.6370392,-0.8249512
2019-10-30 20:55:38,2243,0.91160583,-0.34973145,-0.9829712
2019-10-30 20:55:38,2253,0.6338806,-0.024124146,-0.95184326
2019-10-30 20:55:38,2264,0.3274231,0.28233337,-0.5735626
2019-10-30 20:55:38,2273,0.24841309,0.4044342,-0.4514618
2019-10-30 20:55:38,2284,-0.26634216,0.636673,-0.4801941
2019-10-30 20:55:38,2297,-0.5919647,1.2352295,-0.14021301
2019-10-30 20:55:38,2304,-1.1809387,1.4315491,0.41763306
2019-10-30 20:55:38,2313,-2.0452423,0.7468109,1.9307709
2019-10-30 20:55:38,2324,-2.2559204,0.5217438,2.3689117
2019-10-30 20:55:38,2333,-2.5097198,0.48583984,4.1477966
2019-10-30 20:55:38,2343,-1.8752441,0.95988464,4.2196198
2019-10-30 20:55:38,2354,-0.6111145,1.4052124,3.896408
2019-10-30 20:55:38,2363,0.119125366,1.4818268,4.0161133
2019-10-30 20:55:38,2374,1.2372131,1.1825562,4.971405
2019-10-30 20:55:38,2383,1.8836517,0.1697998,7.552353
2019-10-30 20:55:38,2394,1.3497467,-1.3002319,12.098938
2019-10-30 20:55:38,2403,0.047286987,-2.3896027,17.181839
2019-10-30 20:55:38,2413,-0.42436218,-2.7774658,19.959106
2019-10-30 20:55:38,2423,0.21728516,-2.1238403,20.363724
2019-10-30 20:55:38,2433,2.7168274,-0.972229,18.678207
2019-10-30 20:55:38,2443,5.3815765,-1.2762909,20.119522
2019-10-30 20:55:38,2454,5.546768,-4.470154,27.972504
2019-10-30 20:55:38,2463,5.194824,-9.028717,38.83499
2019-10-30 20:55:38,2473,2.6282501,-13.850647,50.992752
2019-10-30 20:55:38,2483,2.379242,-16.69017,59.70764
2019-10-30 20:55:38,2494,4.9218903,-15.945572,59.7675
2019-10-30 20:55:38,2503,8.295319,-13.127594,54.67743
2019-10-30 20:55:38,2514,10.399826,-9.90979,48.66559
2019-10-30 20:55:38,2523,10.775711,-6.842819,42.929077
2019-10-30 20:55:38,2534,8.965698,-4.604233,37.001038
2019-10-30 20:55:38,2544,7.103012,-2.6960602,30.519928
2019-10-30 20:55:38,2553,6.446991,-1.877243,27.172836
2019-10-30 20:55:38,2563,5.2115936,-0.17974854,18.264008
2019-10-30 20:55:38,2574,3.9306946,-0.19172668,14.813965
2019-10-30 20:55:38,2583,2.822174,-0.5197296,12.525116
2019-10-30 20:55:38,2593,1.6968994,-0.91716003,10.16922
2019-10-30 20:55:38,2604,0.2819214,-1.2906647,6.6305847
2019-10-30 20:55:38,2614,-0.24479675,-1.3505096,3.6857147
2019-10-30 20:55:38,2623,-0.71406555,-1.0943298,-0.7172241
2019-10-30 20:55:38,2633,-1.1952972,-0.5532532,-4.3324585
2019-10-30 20:55:38,2644,-1.537674,-0.2132721,-7.911789
2019-10-30 20:55:38,2653,-1.8201904,-0.028915405,-9.774475
2019-10-30 20:55:38,2663,-2.3301544,0.15544128,-11.285217
2019-10-30 20:55:38,2674,-2.7347717,-0.3617096,-11.390564
2019-10-30 20:55:38,2683,-2.3852081,-0.5700073,-10.976364
2019-10-30 20:55:38,2694,-2.0763702,-0.9506836,-9.942078
2019-10-30 20:55:38,2703,-1.669342,-1.2020721,-9.226212
2019-10-30 20:55:38,2713,-1.1857147,-1.5635986,-7.6604004
2019-10-30 20:55:38,2724,-1.0157318,-1.9394836,-6.2526093
2019-10-30 20:55:38,2733,-1.0492554,-2.2579193,-5.117752
2019-10-30 20:55:38,2744,-0.9295349,-2.229187,-5.0411377
2019-10-30 20:55:38,2753,-0.60632324,-1.908371,-5.2853546
2019-10-30 20:55:38,2764,-0.10115051,-1.2188416,-5.5415344
2019-10-30 20:55:39,2773,-0.014953613,-0.86927795,-5.5343475
2019-10-30 20:55:39,2783,-0.060440063,-0.75914,-5.002838
2019-10-30 20:55:39,2794,0.016174316,-0.36889648,-4.646103
2019-10-30 20:55:39,2803,0.2340393,-0.0049743652,-4.3181
2019-10-30 20:55:39,2813,0.28431702,0.1697998,-4.128952
2019-10-30 20:55:39,2823,-0.12748718,0.40922546,-2.543991
2019-10-30 20:55:39,2834,-0.5536499,0.42118835,-1.9358673
2019-10-30 20:55:39,2843,-1.3509216,0.46669006,-1.7299652
2019-10-30 20:55:39,2853,-2.0045319,0.47146606,-1.3444977
2019-10-30 20:55:39,2864,-2.7132263,0.44752502,-0.91593933
2019-10-30 20:55:39,2873,-2.9765778,0.35894775,-0.7196045
2019-10-30 20:55:39,2884,-3.0795288,0.49780273,-0.8417206
2019-10-30 20:55:39,2893,-2.4761963,0.40203857,-0.6765137
2019-10-30 20:55:39,2904,-1.5711823,0.1362915,0.31947327
2019-10-30 20:55:39,2913,-0.48661804,-0.25636292,2.5317078
2019-10-30 20:55:39,2924,0.35136414,-0.809433,6.3097687
2019-10-30 20:55:39,2933,0.7918854,-1.6545715,11.521942
2019-10-30 20:55:39,2943,0.5955658,-1.992157,17.136353
2019-10-30 20:55:39,2954,0.11433411,-2.4207306,21.481827
2019-10-30 20:55:39,2963,0.09039307,-2.2196045,23.476196
2019-10-30 20:55:39,2973,1.572403,-2.236374,25.659698
2019-10-30 20:55:39,2984,2.9586487,-2.9737854,32.71541
2019-10-30 20:55:39,2993,2.5707855,-4.996887,41.063995
2019-10-30 20:55:39,3003,1.6849213,-7.292923,46.901062
2019-10-30 20:55:39,3014,1.438324,-8.011185,49.814804
2019-10-30 20:55:39,3024,2.3146057,-7.632904,49.47003
2019-10-30 20:55:39,3033,3.7678833,-6.2825775,47.449326
2019-10-30 20:55:39,3043,5.082306,-4.419876,44.64093
2019-10-30 20:55:39,3054,5.5276184,-3.2084198,42.332916
2019-10-30 20:55:39,3063,4.20842,-2.4566345,38.253204
2019-10-30 20:55:39,3074,2.276291,-2.035263,33.380997
2019-10-30 20:55:39,3083,1.5819702,-1.6258545,30.25418
2019-10-30 20:55:39,3094,1.3090363,-1.2427826,26.04277
2019-10-30 20:55:39,3103,1.1534119,-1.0416565,21.845734
2019-10-30 20:55:39,3113,1.2467957,-0.91716003,17.703766
2019-10-30 20:55:39,3124,1.1390533,-1.0655975,13.794037
2019-10-30 20:55:39,3133,1.3138275,-1.1589813,11.5985565
2019-10-30 20:55:39,3143,1.4455109,-1.0488434,7.583481
2019-10-30 20:55:39,3154,1.6059265,-1.0009613,5.0240784
2019-10-30 20:55:39,3163,1.7471771,-0.6370392,0.88690186
2019-10-30 20:55:39,3173,1.754364,-0.091171265,-2.3237305
2019-10-30 20:55:39,3183,1.809433,0.46429443,-5.424225
2019-10-30 20:55:39,3194,1.6968994,0.98143005,-8.043472
2019-10-30 20:55:39,3203,1.4742432,1.625473,-9.853485
2019-10-30 20:55:39,3213,1.3904419,1.8744812,-11.160721
2019-10-30 20:55:39,3224,1.0887756,1.8816528,-11.414505
2019-10-30 20:55:39,3233,1.1366577,1.7332153,-11.239731
2019-10-30 20:55:39,3243,1.0193329,1.3645172,-10.701035
2019-10-30 20:55:39,3253,0.21009827,0.45950317,-9.724197
2019-10-30 20:55:39,3265,-0.74279785,-0.8525238,-8.146423
2019-10-30 20:55:39,3273,-1.9255219,-2.2315826,-5.8743286
2019-10-30 20:55:39,3284,-2.8520813,-3.2850342,-3.8584137
2019-10-30 20:55:39,3293,-3.388382,-3.885971,-2.3716125
2019-10-30 20:55:39,3303,-3.728363,-4.2235565,-1.2367554
2019-10-30 20:55:39,3314,-3.8552551,-4.1206055,-0.6022949
2019-10-30 20:55:39,3323,-3.4817657,-3.6489563,-0.5855408
2019-10-30 20:55:39,3333,-2.866455,-3.0767365,-0.8560791
2019-10-30 20:55:39,3344,-2.1960754,-2.4925537,-0.89678955
2019-10-30 20:55:39,3353,-1.5017548,-2.0735626,-0.6094818
2019-10-30 20:55:39,3363,-0.9941864,-1.8916016,-0.64060974
2019-10-30 20:55:39,3374,-0.8672943,-1.7096405,-0.8369293
2019-10-30 20:55:39,3383,-0.7116699,-1.7599182,-0.47540283
2019-10-30 20:55:39,3394,-0.680542,-1.9107513,0.4631195
2019-10-30 20:55:39,3403,-0.58477783,-1.913147,1.1885681
2019-10-30 20:55:39,3414,-0.24479675,-1.5683899,1.5405121
2019-10-30 20:55:39,3423,0.16940308,-1.2427826,1.1933594
2019-10-30 20:55:39,3434,0.87568665,-0.8046417,0.61157227
2019-10-30 20:55:39,3443,1.7399902,0.090789795,1.116745
2019-10-30 20:55:39,3453,1.730423,0.6390686,2.3353882
2019-10-30 20:55:39,3464,1.4167786,1.0484772,4.662552
2019-10-30 20:55:39,3473,0.7535858,1.3333893,6.774246
2019-10-30 20:55:39,3484,-0.52731323,2.1737518,9.81488
2019-10-30 20:55:39,3493,-0.5799866,2.6597748,11.447723
2019-10-30 20:55:39,3504,-0.33338928,2.5161133,15.987122
2019-10-30 20:55:39,3513,-0.19691467,1.036499,22.362885
2019-10-30 20:55:39,3524,-0.7691345,-0.9219513,27.508026
2019-10-30 20:55:39,3534,-2.557602,-6.1987762,38.643463
2019-10-30 20:55:39,3543,-2.9550323,-8.32962,45.21794
2019-10-30 20:55:39,3553,-0.76194763,-9.521927,50.264908
2019-10-30 20:55:39,3564,5.1517334,-7.8052826,50.736572
2019-10-30 20:55:39,3574,10.4453125,-4.8747864,53.39653
2019-10-30 20:55:39,3583,12.030273,-3.2323608,54.754044
2019-10-30 20:55:39,3593,11.647202,-2.502121,52.0869
2019-10-30 20:55:39,3603,7.818878,-3.2922058,42.885986
2019-10-30 20:55:39,3614,4.806961,-4.225952,37.53015
2019-10-30 20:55:39,3623,0.119125366,-5.485306,27.941376
2019-10-30 20:55:39,3634,-1.2719116,-4.9633636,20.43077
2019-10-30 20:55:39,3643,-0.5680084,-3.6154327,15.405334
2019-10-30 20:55:39,3654,0.8708954,-2.1286316,12.398224
2019-10-30 20:55:39,3663,1.3401642,-1.4007874,9.881912
2019-10-30 20:55:39,3674,0.54289246,-1.506134,6.2546997
2019-10-30 20:55:39,3683,-0.45309448,-2.0280762,3.8054352
2019-10-30 20:55:39,3694,-1.3293762,-2.3896027,1.9259796
2019-10-30 20:55:39,3703,-2.2559204,-2.229187,-1.1385956
2019-10-30 20:55:39,3713,-2.4115448,-1.7718964,-3.3795624
2019-10-30 20:55:39,3724,-2.3732452,-1.3624878,-5.785736
2019-10-30 20:55:39,3733,-1.7770844,-0.7160492,-7.760956
2019-10-30 20:55:39,3744,-1.4323273,-0.4191742,-8.6923065
2019-10-30 20:55:39,3753,-1.2743073,-0.7232361,-8.656387
2019-10-30 20:55:39,3763,-1.3700714,-1.1948853,-7.705887
2019-10-30 20:55:40,3774,-1.2743073,-1.6306305,-6.745819
2019-10-30 20:55:40,3784,-1.214447,-1.908371,-6.096985
2019-10-30 20:55:40,3793,-1.0253143,-2.0496216,-5.0866394
2019-10-30 20:55:40,3804,-1.0995331,-2.1884918,-3.8177032
2019-10-30 20:55:40,3813,-1.324585,-2.4326935,-2.7187653
2019-10-30 20:55:40,3824,-1.8656769,-2.5284576,-2.2135925
2019-10-30 20:55:40,3834,-2.119461,-2.4805756,-2.144165
2019-10-30 20:55:40,3843,-2.313385,-1.9897614,-2.1872559
2019-10-30 20:55:40,3854,-2.2702942,-1.5923309,-2.1106415
2019-10-30 20:55:40,3863,-1.8680725,-0.87646484,-2.1273956
2019-10-30 20:55:40,3874,-1.7818756,-0.34973145,-2.4937134
2019-10-30 20:55:40,3883,-1.7052612,-0.25636292,-2.6756744
2019-10-30 20:55:40,3894,-1.5328827,-0.23242188,-2.7762299
2019-10-30 20:55:40,3904,-1.214447,-0.16059875,-2.721161
2019-10-30 20:55:40,3913,-0.68533325,-0.2420044,-2.448227
2019-10-30 20:55:40,3924,-0.09156799,-0.34016418,-1.749115
2019-10-30 20:55:40,3940,0.40881348,-0.45507812,-1.6126556
2019-10-30 20:55:40,3943,0.55007935,-0.4694519,-1.6174316
2019-10-30 20:55:40,3954,1.2348175,-0.39523315,-1.5671539
2019-10-30 20:55:40,3963,0.9211731,-0.5867615,-1.1697235
2019-10-30 20:55:40,3973,0.3968506,-0.67774963,-0.8536835
2019-10-30 20:55:40,3984,0.52134705,-0.6897125,-1.4163208
2019-10-30 20:55:40,3993,1.201294,-0.44311523,-1.9358673
2019-10-30 20:55:40,4004,1.8237915,0.069244385,-1.8784027
2019-10-30 20:55:40,4013,2.178131,0.6941376,-1.3085785
2019-10-30 20:55:40,4024,2.288269,1.893631,0.65945435
2019-10-30 20:55:40,4033,2.137436,2.3940125,3.6067047
2019-10-30 20:55:40,4044,2.3816376,2.8249664,7.193222
2019-10-30 20:55:40,4053,2.774292,2.4203491,12.414978
2019-10-30 20:55:40,4063,4.115036,-1.1470032,18.400482
2019-10-30 20:55:40,4074,4.818939,-4.1636963,22.587936
2019-10-30 20:55:40,4084,3.3896027,-16.345398,50.992752
2019-10-30 20:55:40,4093,0.94511414,-20.896774,66.5383
2019-10-30 20:55:40,4104,4.273056,-20.331741,76.45509
2019-10-30 20:55:40,4113,12.975983,-14.303146,75.339386
2019-10-30 20:55:40,4123,17.505814,-7.6951447,68.78645
2019-10-30 20:55:40,4134,14.491516,-5.1477203,59.583145
2019-10-30 20:55:40,4144,7.5986023,-5.2362976,49.434128
2019-10-30 20:55:40,4153,1.5580292,-5.707962,40.594727
2019-10-30 20:55:40,4164,-2.1721344,-6.0551147,33.155945
2019-10-30 20:55:40,4173,-2.9694061,-5.980896,27.687592
2019-10-30 20:55:40,4184,-1.4347229,-4.783798,24.3405
2019-10-30 20:55:40,4193,-0.0101623535,-3.5699463,20.763565
2019-10-30 20:55:40,4205,0.81344604,-3.1030731,13.566589
2019-10-30 20:55:40,4214,0.66978455,-3.1006775,8.373566
2019-10-30 20:55:40,4223,0.42079163,-2.9019623,2.2539825
2019-10-30 20:55:40,4234,0.2124939,-2.708023,-2.156128
2019-10-30 20:55:40,4243,0.43037415,-2.5883179,-5.0914307
2019-10-30 20:55:40,4254,0.16940308,-2.3536835,-6.855957
2019-10-30 20:55:40,4263,-0.14663696,-1.8556976,-9.211838
2019-10-30 20:55:40,4274,0.1765747,-2.150177,-12.858215
2019-10-30 20:55:40,4283,-0.37168884,-1.671341,-13.935608
2019-10-30 20:55:40,4293,-0.053268433,-1.7216187,-15.127914
2019-10-30 20:55:40,4303,0.011383057,-1.9275208,-14.831039
2019-10-30 20:55:40,4314,0.11193848,-2.1621552,-13.940399
2019-10-30 20:55:40,4323,0.1430664,-2.9306946,-12.432053
2019-10-30 20:55:40,4334,-0.16578674,-3.5843048,-11.139175
2019-10-30 20:55:40,4343,-0.98220825,-4.292984,-8.749771
2019-10-30 20:55:40,4355,-1.1785431,-4.489319,-6.9852295
2019-10-30 20:55:40,4363,-1.3078308,-4.348053,-5.6851807
2019-10-30 20:55:40,4373,-1.3006439,-3.885971,-5.1345215
2019-10-30 20:55:40,4384,-0.98220825,-3.1796875,-4.7155304
2019-10-30 20:55:40,4393,-0.85292053,-2.71521,-4.4713287
2019-10-30 20:55:40,4404,-0.32859802,-2.0520172,-4.452179
2019-10-30 20:55:40,4415,-0.022140503,-1.3960114,-4.516815
2019-10-30 20:55:40,4423,0.071243286,-1.0392761,-4.5646973
2019-10-30 20:55:40,4435,0.119125366,-0.6178894,-4.7442627
2019-10-30 20:55:40,4443,0.18136597,-0.45030212,-4.7825775
2019-10-30 20:55:40,4454,0.41360474,-0.3425598,-4.39711
2019-10-30 20:55:40,4463,0.70809937,-0.122283936,-3.6213837
2019-10-30 20:55:40,4473,0.7918854,0.033340454,-3.0108643
2019-10-30 20:55:40,4484,0.7176666,0.033340454,-2.8672028
2019-10-30 20:55:40,4493,0.93315125,0.19613647,-2.44104
2019-10-30 20:55:40,4503,0.9810333,0.24162292,-2.0603638
2019-10-30 20:55:40,4514,0.88287354,0.25360107,-1.9693909
2019-10-30 20:55:40,4523,0.9020233,0.26078796,-1.2535248
2019-10-30 20:55:40,4533,0.74160767,0.17219543,-0.5807495
2019-10-30 20:55:40,4543,1.1055298,0.20332336,0.36975098
2019-10-30 20:55:40,4554,1.7711182,-0.098342896,1.353775
2019-10-30 20:55:40,4563,2.1901093,-0.105529785,3.9730225
2019-10-30 20:55:40,4573,2.1901093,0.8641205,7.6505127
2019-10-30 20:55:40,4584,5.316925,2.1498108,11.679962
2019-10-30 20:55:40,4593,7.924225,2.4323273,17.105225
2019-10-30 20:55:40,4603,8.958511,-0.809433,24.83371
2019-10-30 20:55:40,4615,9.767746,-8.95929,36.184616
2019-10-30 20:55:40,4623,8.479675,-16.802689,53.722137
2019-10-30 20:55:40,4634,6.0375824,-21.0141,67.47684
2019-10-30 20:55:40,4643,7.2586365,-20.52568,73.986664
2019-10-30 20:55:40,4653,12.813171,-15.40448,72.18384
2019-10-30 20:55:40,4663,15.628754,-9.718246,64.32127
2019-10-30 20:55:40,4674,13.694244,-6.8643646,54.382935
2019-10-30 20:55:40,4683,9.150055,-5.6792297,45.25624
2019-10-30 20:55:40,4694,4.976959,-5.293762,39.40242
2019-10-30 20:55:40,4703,2.2978363,-5.332077,35.375366
2019-10-30 20:55:40,4714,1.1222839,-5.4661407,31.822372
2019-10-30 20:55:40,4723,1.00737,-5.624161,29.930954
2019-10-30 20:55:40,4734,0.8804779,-5.2985535,27.373947
2019-10-30 20:55:40,4743,0.61231995,-4.975342,22.415558
2019-10-30 20:55:40,4754,0.7248535,-4.525223,15.1324005
2019-10-30 20:55:40,4763,1.0672302,-3.9458313,8.517212
2019-10-30 20:55:41,4773,1.2755127,-3.2299652,3.5157318
2019-10-30 20:55:41,4784,1.031311,-3.024063,-0.3652649
2019-10-30 20:55:41,4793,0.3106537,-3.3377075,-3.1904297
2019-10-30 20:55:41,4804,-1.0923462,-3.9625854,-5.785736
2019-10-30 20:55:41,4814,-1.3317719,-4.067932,-7.200714
2019-10-30 20:55:41,4823,-1.5879517,-3.6537323,-9.005936
2019-10-30 20:55:41,4834,-1.3844452,-2.9977264,-10.497528
2019-10-30 20:55:41,4844,-0.85531616,-2.5164948,-11.924469
2019-10-30 20:55:41,4854,-0.51535034,-1.7671051,-13.2341
2019-10-30 20:55:41,4863,-0.44111633,-1.4391022,-13.820679
2019-10-30 20:55:41,4874,-0.45069885,-1.0033569,-13.981094
2019-10-30 20:55:41,4883,-0.3118286,-1.0177155,-13.461548
2019-10-30 20:55:41,4894,-0.40281677,-1.3816376,-11.938843
2019-10-30 20:55:41,4903,-0.4842224,-1.8509064,-10.76329
2019-10-30 20:55:41,4914,-0.759552,-2.4566345,-9.094528
2019-10-30 20:55:41,4923,-0.9055939,-3.0623627,-7.5215454
2019-10-30 20:55:41,4934,-1.2264252,-3.352066,-6.271759
2019-10-30 20:55:41,4943,-1.4658356,-3.3903809,-5.3476105
2019-10-30 20:55:41,4954,-1.5879517,-3.1653137,-4.942978
2019-10-30 20:55:41,4963,-1.5233002,-2.9115295,-4.8112946
2019-10-30 20:55:41,4974,-1.3150024,-2.6218414,-4.540756
2019-10-30 20:55:41,4983,-1.0348816,-2.3177795,-4.1744385
2019-10-30 20:55:41,4994,-0.30944824,-1.6833038,-4.0595245
2019-10-30 20:55:41,5003,0.011383057,-1.2020721,-4.1145935
2019-10-30 20:55:41,5014,0.13587952,-0.9291382,-4.2127533
2019-10-30 20:55:41,5023,0.2699585,-0.6968994,-4.3947144
2019-10-30 20:55:41,5034,0.40164185,-0.6538086,-4.2917633
2019-10-30 20:55:41,5043,0.6171112,-0.6442261,-3.7698212
2019-10-30 20:55:41,5053,0.655426,-0.596344,-2.958191
2019-10-30 20:55:41,5064,0.9379425,-0.42874146,-2.4266815
2019-10-30 20:55:41,5073,1.2683411,-0.15341187,-2.2926025
2019-10-30 20:55:41,5084,1.8237915,0.38768005,-2.3500671
2019-10-30 20:55:41,5093,2.3050232,0.64385986,-2.3668213
2019-10-30 20:55:41,5103,3.035263,0.8856659,-2.3500671
2019-10-30 20:55:41,5114,3.5955048,1.3214111,-1.9382629
2019-10-30 20:55:41,5123,3.0280762,2.178543,0.14230347
2019-10-30 20:55:41,5134,3.6098633,3.2272034,3.762329
2019-10-30 20:55:41,5143,4.0575867,3.9263,7.873184
2019-10-30 20:55:41,5154,3.442276,2.573578,12.38385
2019-10-30 20:55:41,5163,5.621002,-4.403122,18.73088
2019-10-30 20:55:41,5174,13.306381,-15.066895,40.695297
2019-10-30 20:55:41,5183,18.135483,-21.873611,77.151794
2019-10-30 20:55:41,5194,20.924728,-21.1362,78.64099
2019-10-30 20:55:41,5203,21.894379,-15.813889,78.64099
2019-10-30 20:55:41,5214,20.699677,-11.765289,73.07448
2019-10-30 20:55:41,5223,16.615173,-9.632065,55.85298
2019-10-30 20:55:41,5234,11.156387,-7.529953,46.484467
2019-10-30 20:55:41,5243,5.1756744,-7.2234955,39.70169
2019-10-30 20:55:41,5254,0.6386566,-7.5347443,33.45044
2019-10-30 20:55:41,5264,-2.4977417,-7.869919,32.614853
2019-10-30 20:55:41,5273,-3.5823212,-7.9513245,32.315582
2019-10-30 20:55:41,5284,-3.5104828,-7.841202,29.43776
2019-10-30 20:55:41,5295,-2.4977417,-7.1372986,24.757095
2019-10-30 20:55:41,5304,-0.6111145,-5.6816254,19.473083
2019-10-30 20:55:41,5313,0.636261,-4.790985,15.225769
2019-10-30 20:55:41,5323,1.4263611,-4.1206055,9.12056
2019-10-30 20:55:41,5335,1.6945038,-4.1253967,5.622635
2019-10-30 20:55:41,5343,1.6921082,-4.3648224,3.4869995
2019-10-30 20:55:41,5354,1.7830963,-4.4246674,0.041748047
2019-10-30 20:55:41,5363,1.6538086,-3.9865265,-3.5280151
2019-10-30 20:55:41,5374,1.4814148,-3.1318054,-7.816025
2019-10-30 20:55:41,5383,1.2420044,-2.1453857,-11.3450775
2019-10-30 20:55:41,5394,0.41360474,-1.5324707,-13.07608
2019-10-30 20:55:41,5404,0.53092957,-1.3744507,-14.155869
2019-10-30 20:55:41,5413,0.50219727,-1.3983917,-14.323471
2019-10-30 20:55:41,5424,0.071243286,-1.209259,-13.892502
2019-10-30 20:55:41,5433,0.071243286,-1.209259,-13.892502
2019-10-30 20:55:41,5444,-0.50097656,-2.1405945,-11.134384
2019-10-30 20:55:41,5454,-1.0181274,-2.7343597,-9.147202
2019-10-30 20:55:41,5463,-1.5017548,-3.3664398,-7.4760437
2019-10-30 20:55:41,5473,-1.669342,-3.6752777,-6.820038
2019-10-30 20:55:41,5484,-2.040451,-3.668106,-6.796097
2019-10-30 20:55:41,5493,-2.1026917,-3.3879852,-7.145645
2019-10-30 20:55:41,5503,-2.1960754,-3.1844788,-7.353943
2019-10-30 20:55:41,5514,-1.5328827,-2.6888733,-7.6412506
2019-10-30 20:55:41,5523,-1.080368,-1.9466705,-7.681946
2019-10-30 20:55:41,5534,-0.5392914,-1.5588074,-7.547867
2019-10-30 20:55:41,5544,-0.17536926,-1.2762909,-7.4712524
2019-10-30 20:55:41,5554,0.34657288,-0.71125793,-7.148041
2019-10-30 20:55:41,5564,0.64105225,-0.51493835,-6.626114
2019-10-30 20:55:41,5574,0.6961212,-0.59155273,-5.95813
2019-10-30 20:55:41,5583,0.7535858,-0.7088623,-5.393097
2019-10-30 20:55:41,5594,0.8445587,-0.7256317,-4.9884796
2019-10-30 20:55:41,5604,1.0361023,-0.7088623,-4.674835
2019-10-30 20:55:41,5613,1.3257904,-0.6394348,-4.5263977
2019-10-30 20:55:41,5624,1.5005798,-0.5987396,-4.4066772
2019-10-30 20:55:41,5634,1.809433,-0.62268066,-4.2127533
2019-10-30 20:55:41,5644,2.4007874,-0.55085754,-3.832077
2019-10-30 20:55:41,5654,2.7072449,-0.53408813,-3.2957764
2019-10-30 20:55:41,5664,2.9490662,-0.43832397,-2.6708832
2019-10-30 20:55:41,5674,2.8413239,-0.62268066,-2.3572388
2019-10-30 20:55:41,5684,1.8549194,-1.1182709,-1.4019623
2019-10-30 20:55:41,5693,0.99539185,-0.4024048,0.81507874
2019-10-30 20:55:41,5703,2.2068634,1.3692932,4.4901733
2019-10-30 20:55:41,5714,4.2586975,3.17453,10.434967
2019-10-30 20:55:41,5723,5.8747864,3.25354,16.662292
2019-10-30 20:55:41,5734,8.960907,-2.2172089,23.437881
2019-10-30 20:55:41,5743,10.569809,-13.065338,42.74472
2019-10-30 20:55:41,5754,13.648758,-19.958252,70.9173
2019-10-30 20:55:41,5763,15.652695,-20.08754,78.64099
2019-10-30 20:55:42,5774,20.51532,-14.588058,78.64099
2019-10-30 20:55:42,5785,23.943817,-9.754166,78.56917
2019-10-30 20:55:42,5794,21.724396,-4.9897003,62.49449
2019-10-30 20:55:42,5803,18.904022,-4.2307434,56.171417
2019-10-30 20:55:42,5814,7.5674744,-4.984909,44.74388
2019-10-30 20:55:42,5823,2.9299164,-5.7606354,39.62268
2019-10-30 20:55:42,5833,-0.5512543,-6.462143,34.736115
2019-10-30 20:55:42,5844,-0.7451935,-6.1053925,32.871033
2019-10-30 20:55:42,5853,-0.22564697,-5.5834656,30.855118
2019-10-30 20:55:42,5863,0.4878235,-5.16687,24.546402
2019-10-30 20:55:42,5874,0.88287354,-4.862808,17.710953
2019-10-30 20:55:42,5883,1.0049744,-4.841263,13.092545
2019-10-30 20:55:42,5893,1.7208405,-4.6928253,6.8316956
2019-10-30 20:55:42,5904,2.4199524,-4.561142,3.0057678
2019-10-30 20:55:42,5913,2.7288055,-4.410309,-0.37724304
2019-10-30 20:55:42,5923,2.4438934,-4.2977753,-3.7937622
2019-10-30 20:55:42,5934,1.572403,-4.087082,-7.619705
2019-10-30 20:55:42,5943,0.38726807,-3.8452759,-11.172699
2019-10-30 20:55:42,5953,-0.75476074,-3.6154327,-14.148682
2019-10-30 20:55:42,5964,-1.3700714,-3.6393738,-15.154251
2019-10-30 20:55:42,5973,-2.0093231,-3.4358673,-16.028137
2019-10-30 20:55:42,5984,-2.0213013,-3.320938,-15.187775
2019-10-30 20:55:42,5993,-1.8489075,-3.3688202,-14.055313
2019-10-30 20:55:42,6003,-2.0691833,-3.8117523,-12.693008
2019-10-30 20:55:42,6014,-2.2080383,-4.1038513,-11.232544
2019-10-30 20:55:42,6023,-2.186493,-4.2834167,-10.12883
2019-10-30 20:55:42,6033,-2.0045319,-4.2546844,-9.175934
2019-10-30 20:55:42,6043,-1.8920135,-4.087082,-8.574982
2019-10-30 20:55:42,6054,-1.913559,-3.7926025,-8.570206
2019-10-30 20:55:42,6063,-1.7268066,-3.5316315,-8.680328
2019-10-30 20:55:42,6073,-0.9367218,-3.0695496,-9.113678
2019-10-30 20:55:42,6083,-0.12988281,-2.4638214,-9.216629
2019-10-30 20:55:42,6094,0.13587952,-2.078354,-8.972427
2019-10-30 20:55:42,6103,0.3489685,-2.0041351,-8.673157
2019-10-30 20:55:42,6113,0.5117645,-1.9658203,-8.29007
2019-10-30 20:55:42,6124,0.65782166,-2.0496216,-7.7442017
2019-10-30 20:55:42,6133,0.82540894,-2.1477814,-6.8152466
2019-10-30 20:55:42,6144,0.9690552,-2.2267914,-5.211136
2019-10-30 20:55:42,6153,0.82540894,-2.3273468,-4.382736
2019-10-30 20:55:42,6164,0.6649933,-2.5739594,-3.5854645
2019-10-30 20:55:42,6173,0.60035706,-2.684082,-3.2047882
2019-10-30 20:55:42,6184,0.53330994,-2.8014069,-2.448227
2019-10-30 20:55:42,6193,0.7727356,-2.7223969,-1.8353119
2019-10-30 20:55:42,6203,1.790268,-2.0089264,-1.5384216
2019-10-30 20:55:42,6214,2.0249023,-1.4151611,-1.3995667
2019-10-30 20:55:42,6223,2.3217926,-1.0057526,-1.615036
2019-10-30 20:55:42,6234,3.2794647,-0.107925415,-1.9981079
2019-10-30 20:55:42,6243,3.9019623,0.15544128,-2.2566833
2019-10-30 20:55:42,6254,3.8349152,-1.8310547E-4,-2.393158
2019-10-30 20:55:42,6263,3.4231262,0.040512085,-1.7443237
2019-10-30 20:55:42,6274,2.3648834,0.4451294,5.3688507
2019-10-30 20:55:42,6283,5.292984,0.5959778,9.362366
2019-10-30 20:55:42,6293,8.649658,-1.7335815,15.367035
2019-10-30 20:55:42,6304,11.271317,-10.201874,30.936523
2019-10-30 20:55:42,6313,11.934509,-19.79544,56.71968
2019-10-30 20:55:42,6324,10.299271,-24.828064,78.64099
2019-10-30 20:55:42,6333,9.834793,-24.842422,78.57396
2019-10-30 20:55:42,6343,16.349411,-17.374908,78.64099
2019-10-30 20:55:42,6354,21.597504,-10.630447,68.82237
2019-10-30 20:55:42,6363,23.364426,-5.89711,56.607147
2019-10-30 20:55:42,6373,20.012543,-3.517273,48.864304
2019-10-30 20:55:42,6384,13.801987,-3.486145,44.9019
2019-10-30 20:55:42,6393,7.957733,-4.3624268,41.55481
2019-10-30 20:55:42,6403,3.7966156,-4.865204,37.630707
2019-10-30 20:55:42,6414,1.6921082,-4.7718353,33.742523
2019-10-30 20:55:42,6423,1.0217285,-4.498886,30.335587
2019-10-30 20:55:42,6434,-0.0796051,-4.331299,23.581543
2019-10-30 20:55:42,6443,-0.49378967,-4.012863,17.775604
2019-10-30 20:55:42,6454,-0.48182678,-3.5436096,12.189926
2019-10-30 20:55:42,6463,0.15742493,-2.9546356,7.607422
2019-10-30 20:55:42,6473,0.22207642,-2.6792908,3.879654
2019-10-30 20:55:42,6484,-0.21846008,-2.7176056,0.5756531
2019-10-30 20:55:42,6493,-0.7212372,-2.569168,-2.192047
2019-10-30 20:55:42,6504,-0.8768616,-2.119049,-4.7825775
2019-10-30 20:55:42,6513,-0.7020874,-1.2427826,-7.9046173
2019-10-30 20:55:42,6524,-0.27592468,-0.2922821,-10.780045
2019-10-30 20:55:42,6533,0.41600037,0.2392273,-12.250092
2019-10-30 20:55:42,6544,0.873291,0.368515,-12.664276
2019-10-30 20:55:42,6553,1.0241241,0.009384155,-12.223755
2019-10-30 20:55:42,6563,1.1438446,-0.6657715,-12.060944
2019-10-30 20:55:42,6574,0.60754395,-1.5683899,-11.661118
2019-10-30 20:55:42,6583,-0.32141113,-2.4566345,-10.935669
2019-10-30 20:55:42,6594,-1.0420685,-3.1246185,-9.946869
2019-10-30 20:55:42,6603,-1.7603302,-3.802185,-8.771317
2019-10-30 20:55:42,6614,-2.1170654,-4.0703278,-8.096146
2019-10-30 20:55:42,6623,-2.3157806,-4.094269,-7.3204193
2019-10-30 20:55:42,6634,-2.4283142,-3.9051208,-6.9110107
2019-10-30 20:55:42,6643,-2.3109894,-3.6609192,-6.5973816
2019-10-30 20:55:42,6653,-1.9231262,-3.2443237,-6.1664124
2019-10-30 20:55:42,6664,-0.838562,-2.2746735,-5.460129
2019-10-30 20:55:42,6673,-0.29507446,-1.5564117,-5.4146423
2019-10-30 20:55:42,6683,0.35614014,-0.7040863,-5.670822
2019-10-30 20:55:42,6694,0.6147156,-0.20129395,-5.7593994
2019-10-30 20:55:42,6703,0.84695435,0.20811462,-5.7785645
2019-10-30 20:55:42,6713,0.97624207,0.27275085,-5.2781677
2019-10-30 20:55:42,6723,1.0744019,0.3134613,-4.468933
2019-10-30 20:55:42,6734,1.0361023,0.1482544,-3.7363129
2019-10-30 20:55:42,6743,1.062439,0.054885864,-2.8624268
2019-10-30 20:55:42,6753,1.1486206,0.17459106,-2.1034546
2019-10-30 20:55:42,6764,1.3473511,0.41879272,-1.3133698
2019-10-30 20:55:43,6773,1.5005798,0.5049896,-1.0069122
2019-10-30 20:55:43,6784,1.7639313,0.8449707,-0.025299072
2019-10-30 20:55:43,6794,1.8573151,1.1322784,0.4128418
2019-10-30 20:55:43,6803,2.2738953,1.5129547,0.3290558
2019-10-30 20:55:43,6813,2.9203339,1.6374512,-0.24795532
2019-10-30 20:55:43,6824,3.1908875,1.5727997,-1.0356445
2019-10-30 20:55:43,6833,3.2794647,2.2599487,-1.2008514
2019-10-30 20:55:43,6844,4.304184,3.6437836,-0.94467163
2019-10-30 20:55:43,6853,5.5012817,4.0460205,-0.1809082
2019-10-30 20:55:43,6863,4.414322,2.5951233,6.647354
2019-10-30 20:55:43,6873,5.6784515,-4.2666473,13.70546
2019-10-30 20:55:43,6884,11.340744,-17.039719,37.93477
2019-10-30 20:55:43,6893,9.509186,-30.401764,70.96518
2019-10-30 20:55:43,6904,3.4326935,-35.90364,78.614655
2019-10-30 20:55:43,6913,3.8756256,-34.83821,78.64099
2019-10-30 20:55:43,6924,14.939224,-26.59497,78.64099
2019-10-30 20:55:43,6933,25.480896,-16.72847,74.52536
2019-10-30 20:55:43,6944,25.471329,-9.940918,58.644623
2019-10-30 20:55:43,6954,17.855362,-7.625717,46.427002
2019-10-30 20:55:43,6963,8.989639,-7.110962,37.86534
2019-10-30 20:55:43,6974,4.285034,-6.5674744,33.74971
2019-10-30 20:55:43,6983,3.370453,-5.5403748,30.711472
2019-10-30 20:55:43,6994,3.5595856,-4.5563507,26.495285
2019-10-30 20:55:43,7003,3.497345,-4.0104675,20.23204
2019-10-30 20:55:43,7014,3.605072,-3.2706604,11.471664
2019-10-30 20:55:43,7024,4.1605377,-2.7750702,6.920288
2019-10-30 20:55:43,7034,4.2539062,-1.968216,1.3370056
2019-10-30 20:55:43,7044,3.47818,-2.1142578,-1.5791321
2019-10-30 20:55:43,7054,3.2698822,-3.0599823,-5.8695374
2019-10-30 20:55:43,7063,2.6282501,-3.304184,-7.310852
2019-10-30 20:55:43,7074,1.2946777,-3.6705017,-8.756943
2019-10-30 20:55:43,7083,-0.06762695,-4.0176544,-10.358673
2019-10-30 20:55:43,7094,-0.76194763,-4.032028,-11.469574
2019-10-30 20:55:43,7103,-1.8177948,-4.3743896,-12.944412
2019-10-30 20:55:43,7114,-2.7012482,-4.790985,-13.949966
2019-10-30 20:55:43,7124,-3.40036,-4.9346313,-14.479095
2019-10-30 20:55:43,7133,-3.4099274,-5.0112457,-14.189392
2019-10-30 20:55:43,7144,-2.933487,-5.0112457,-12.803146
2019-10-30 20:55:43,7155,-2.5073242,-4.893936,-11.498306
2019-10-30 20:55:43,7163,-2.186493,-4.719162,-9.942078
2019-10-30 20:55:43,7175,-1.9446869,-4.470154,-8.733002
2019-10-30 20:55:43,7183,-1.8656769,-4.2858124,-8.062622
2019-10-30 20:55:43,7194,-1.7890625,-4.087082,-7.3395844
2019-10-30 20:55:43,7203,-1.6286469,-3.6824646,-7.2701416
2019-10-30 20:55:43,7215,-1.4083862,-3.1844788,-7.464081
2019-10-30 20:55:43,7223,-1.0923462,-2.6649323,-7.6412506
2019-10-30 20:55:43,7234,-0.9223633,-2.2148285,-7.5143585
2019-10-30 20:55:43,7244,-0.814621,-2.0544128,-6.978058
2019-10-30 20:55:43,7254,-0.13705444,-1.6330261,-6.7051086
2019-10-30 20:55:43,7263,0.94033813,-0.82618713,-6.523163
2019-10-30 20:55:43,7274,1.4742432,-0.21806335,-6.2957
2019-10-30 20:55:43,7283,1.3641052,-0.17016602,-5.776169
2019-10-30 20:55:43,7294,1.1534119,-0.53648376,-4.784973
2019-10-30 20:55:43,7303,0.9594879,-0.8166046,-3.8751678
2019-10-30 20:55:43,7315,0.76794434,-1.0225067,-3.0276184
2019-10-30 20:55:43,7323,0.70809937,-1.0991211,-2.096283
2019-10-30 20:55:43,7334,1.0600433,-0.9099884,-1.3804169
2019-10-30 20:55:43,7343,1.6825409,-0.38565063,-0.81777954
2019-10-30 20:55:43,7354,2.2236176,0.078826904,-0.53526306
2019-10-30 20:55:43,7363,2.786255,0.45950317,-0.14260864
2019-10-30 20:55:43,7374,3.6409912,0.99819946,0.4583435
2019-10-30 20:55:43,7383,4.3736115,1.4602814,1.2292633
2019-10-30 20:55:43,7394,4.2203827,1.3453522,2.0241394
2019-10-30 20:55:43,7404,3.521286,1.5823822,1.9499207
2019-10-30 20:55:43,7414,3.1406097,3.2032623,3.5253143
2019-10-30 20:55:43,7424,4.328125,4.546402,4.0280914
2019-10-30 20:55:43,7434,7.49086,4.7331543,4.6410065
2019-10-30 20:55:43,7444,11.369476,-3.2850342,11.845154
2019-10-30 20:55:43,7453,14.048584,-22.792984,36.981888
2019-10-30 20:55:43,7464,4.3257294,-40.299393,78.377625
2019-10-30 20:55:43,7473,-1.4107819,-48.166733,78.64099
2019-10-30 20:55:43,7484,2.288269,-45.078217,78.64099
2019-10-30 20:55:43,7495,15.858597,-32.242905,78.64099
2019-10-30 20:55:43,7504,25.938187,-21.725174,72.47592
2019-10-30 20:55:43,7513,26.024384,-15.517014,63.940598
2019-10-30 20:55:43,7524,16.493073,-11.334335,51.983948
2019-10-30 20:55:43,7534,8.376724,-10.766907,42.64177
2019-10-30 20:55:43,7543,5.5707245,-10.06781,35.16948
2019-10-30 20:55:43,7554,4.5699463,-8.32962,23.37564
2019-10-30 20:55:43,7563,5.625778,-6.8164825,16.82988
2019-10-30 20:55:43,7574,6.50206,-5.605011,10.557083
2019-10-30 20:55:43,7584,6.3775635,-4.8556213,4.0640106
2019-10-30 20:55:43,7593,5.738312,-4.759857,-0.83213806
2019-10-30 20:55:43,7603,5.123001,-5.0447693,-3.6477203
2019-10-30 20:55:43,7614,4.572342,-4.960968,-6.310074
2019-10-30 20:55:43,7623,3.454239,-4.1756744,-12.530212
2019-10-30 20:55:43,7635,2.3648834,-3.5579681,-16.75119
2019-10-30 20:55:43,7643,1.1486206,-2.9689941,-20.342484
2019-10-30 20:55:43,7654,0.53570557,-2.5739594,-22.169266
2019-10-30 20:55:43,7664,-0.37168884,-2.5117035,-22.56192
2019-10-30 20:55:43,7674,-1.8776398,-3.0288544,-21.254684
2019-10-30 20:55:43,7684,-2.9957428,-3.747116,-19.126236
2019-10-30 20:55:43,7693,-3.467392,-4.17807,-16.4543
2019-10-30 20:55:43,7704,-3.9079285,-4.3193207,-13.49028
2019-10-30 20:55:43,7714,-4.063553,-4.2977753,-11.024261
2019-10-30 20:55:43,7724,-3.989334,-4.194824,-8.979614
2019-10-30 20:55:43,7734,-3.838501,-3.7758484,-7.5311127
2019-10-30 20:55:43,7744,-3.3788147,-3.3544617,-6.5734406
2019-10-30 20:55:43,7754,-2.7778625,-2.8397064,-6.144867
2019-10-30 20:55:43,7763,-1.7675171,-2.174118,-5.9653015
2019-10-30 20:55:44,7774,-1.0947418,-1.5540161,-5.828842
2019-10-30 20:55:44,7783,-0.4554901,-0.88365173,-6.061081
2019-10-30 20:55:44,7794,0.1765747,-0.40719604,-5.9461517
2019-10-30 20:55:44,7803,0.6434479,-0.057647705,-5.7953186
2019-10-30 20:55:44,7814,0.9163971,0.23684692,-5.426605
2019-10-30 20:55:44,7824,1.00737,0.2775421,-4.8112946
2019-10-30 20:55:44,7834,1.0672302,0.2631836,-3.9039001
2019-10-30 20:55:44,7843,1.0576477,0.12670898,-3.0395966
2019-10-30 20:55:44,7854,0.88287354,-0.033706665,-2.3644257
2019-10-30 20:55:44,7864,0.92596436,-0.22763062,-1.6413727
2019-10-30 20:55:44,7873,1.0408936,-0.1558075,-0.9710083
2019-10-30 20:55:44,7884,2.1254578,0.54808044,-0.705246
2019-10-30 20:55:44,7894,2.7766876,1.2950745,-0.5592041
2019-10-30 20:55:44,7903,3.1214447,1.7092743,-0.5232849
2019-10-30 20:55:44,7914,3.6218414,1.9774323,-0.8201752
2019-10-30 20:55:44,7923,4.1725006,2.0109406,-1.3804169
2019-10-30 20:55:44,7934,3.8014069,1.5943604,-0.33892822
2019-10-30 20:55:44,7943,2.6904907,0.9167938,1.7320557
2019-10-30 20:55:44,7954,1.2587585,-0.22283936,5.0887146
2019-10-30 20:55:44,7963,0.73921204,-0.32818604,9.264206
2019-10-30 20:55:44,7974,-0.9247589,-0.304245,14.964798
2019-10-30 20:55:44,7983,-1.9063721,-0.8788605,16.363022
2019-10-30 20:55:44,7994,-0.6901245,-2.8780212,18.51062
2019-10-30 20:55:44,8004,1.8597107,-7.6472626,27.618164
2019-10-30 20:55:44,8014,2.6497955,-15.718124,45.96971
2019-10-30 20:55:44,8023,0.53570557,-21.916702,63.09305
2019-10-30 20:55:44,8033,-1.8800354,-27.150436,78.64099
2019-10-30 20:55:44,8043,1.0408936,-26.128113,78.56438
2019-10-30 20:55:44,8054,7.320877,-20.602295,69.03067
2019-10-30 20:55:44,8063,12.142807,-15.981476,62.020447
2019-10-30 20:55:44,8073,13.531433,-9.833176,53.267242
2019-10-30 20:55:44,8083,9.626495,-8.379898,47.190765
2019-10-30 20:55:44,8093,7.016815,-7.9106293,43.252304
2019-10-30 20:55:44,8104,5.6784515,-6.4286194,36.742462
2019-10-30 20:55:44,8113,5.3935394,-5.4015045,30.711472
2019-10-30 20:55:44,8124,4.826126,-4.960968,24.565552
2019-10-30 20:55:44,8133,4.6824646,-4.410309,17.629547
2019-10-30 20:55:44,8144,4.8596344,-3.431076,10.810867
2019-10-30 20:55:44,8153,5.0727234,-2.4590302,4.990555
2019-10-30 20:55:44,8163,5.094269,-1.671341,-0.08035278
2019-10-30 20:55:44,8173,4.8045654,-1.2236176,-4.5455475
2019-10-30 20:55:44,8184,4.0049133,-0.675354,-8.309235
2019-10-30 20:55:44,8193,2.5564117,-0.23242188,-11.184662
2019-10-30 20:55:44,8203,1.5340881,0.52653503,-13.574081
2019-10-30 20:55:44,8213,1.1294708,1.4219666,-15.412827
2019-10-30 20:55:44,8224,1.0361023,2.1043243,-16.090393
2019-10-30 20:55:44,8233,0.9690552,2.1713562,-15.807877
2019-10-30 20:55:44,8244,1.08638,1.6613922,-14.847794
2019-10-30 20:55:44,8253,0.9594879,0.73483276,-13.473526
2019-10-30 20:55:44,8263,0.5117645,-0.462265,-11.428879
2019-10-30 20:55:44,8274,-0.30226135,-1.664154,-9.41774
2019-10-30 20:55:44,8283,-1.1689606,-2.7798462,-7.552658
2019-10-30 20:55:44,8293,-1.7531433,-3.5005035,-6.077835
2019-10-30 20:55:44,8304,-2.76828,-3.723175,-4.6891937
2019-10-30 20:55:44,8313,-3.127411,-3.7662659,-3.7961578
2019-10-30 20:55:44,8323,-3.2112122,-3.4526215,-3.290985
2019-10-30 20:55:44,8334,-2.5935059,-2.9905396,-3.346054
2019-10-30 20:55:44,8343,-2.0548096,-2.253128,-3.7147522
2019-10-30 20:55:44,8354,-1.3820496,-1.5157166,-4.085861
2019-10-30 20:55:44,8363,-0.8960266,-0.93870544,-4.4785004
2019-10-30 20:55:44,8374,-0.8672943,-0.53648376,-4.677231
2019-10-30 20:55:44,8383,-0.9151764,-0.36889648,-4.674835
2019-10-30 20:55:44,8393,-0.9510803,-0.40480042,-4.2678223
2019-10-30 20:55:44,8404,-1.0492554,-0.52212524,-3.3628082
2019-10-30 20:55:44,8413,-1.2383881,-0.62986755,-2.5727234
2019-10-30 20:55:44,8423,-1.5568237,-0.8788605,-1.7084198
2019-10-30 20:55:44,8433,-1.5520325,-0.9818115,-1.160141
2019-10-30 20:55:44,8444,-1.075592,-0.6442261,-0.5448303
2019-10-30 20:55:44,8453,-0.7499695,-0.4000244,-0.06359863
2019-10-30 20:55:44,8463,-0.39323425,-0.27311707,0.4200287
2019-10-30 20:55:44,8474,0.5189514,0.18656921,0.3003235
2019-10-30 20:55:44,8483,1.1127167,0.6893463,0.14709473
2019-10-30 20:55:44,8493,1.7878723,1.1226959,-0.19767761
2019-10-30 20:55:44,8503,2.1996765,1.522522,-0.2096405
2019-10-30 20:55:44,8514,2.3337555,1.2759247,0.12075806
2019-10-30 20:55:44,8523,1.675354,0.40922546,1.3944702
2019-10-30 20:55:44,8534,1.1127167,-0.074401855,1.9642944
2019-10-30 20:55:44,8544,0.18615723,-0.7328186,4.0400543
2019-10-30 20:55:44,8554,0.37530518,-0.7807007,5.2778625
2019-10-30 20:55:44,8563,1.99617,-1.3624878,10.849167
2019-10-30 20:55:44,8574,3.5643768,-4.3193207,19.848969
2019-10-30 20:55:44,8584,4.6968384,-11.954437,38.150253
2019-10-30 20:55:44,8594,3.4925537,-20.379623,58.479416
2019-10-30 20:55:44,8603,-0.9917908,-25.175217,70.78801
2019-10-30 20:55:44,8614,-1.8872223,-26.290909,71.54697
2019-10-30 20:55:44,8623,2.0608215,-22.316544,69.4305
2019-10-30 20:55:44,8633,6.4565735,-16.110764,63.2343
2019-10-30 20:55:44,8644,11.821976,-7.886688,61.699615
2019-10-30 20:55:44,8653,17.58722,0.114730835,62.31732
2019-10-30 20:55:44,8663,17.445953,4.5416107,55.443573
2019-10-30 20:55:44,8674,10.667969,1.7212524,44.241104
2019-10-30 20:55:44,8683,4.493332,-2.3297424,37.79831
2019-10-30 20:55:44,8693,1.7447815,-4.075119,36.30432
2019-10-30 20:55:44,8704,1.141449,-4.738312,34.72415
2019-10-30 20:55:44,8713,0.5596466,-5.858795,29.06186
2019-10-30 20:55:44,8724,0.48065186,-6.4812927,20.428375
2019-10-30 20:55:44,8733,1.4119873,-6.3807373,11.275345
2019-10-30 20:55:44,8744,3.2435608,-5.48291,3.0249176
2019-10-30 20:55:44,8753,3.9570312,-4.893936,-2.5296326
2019-10-30 20:55:44,8764,3.5380402,-5.1956024,-7.1911316
2019-10-30 20:55:45,8774,2.786255,-5.5116425,-9.353104
2019-10-30 20:55:45,8783,2.0895538,-5.569092,-11.522247
2019-10-30 20:55:45,8794,1.3617096,-5.1692657,-13.571686
2019-10-30 20:55:45,8803,0.9594879,-4.5563507,-15.810257
2019-10-30 20:55:45,8814,0.94033813,-3.7064056,-17.881256
2019-10-30 20:55:45,8823,0.69851685,-3.1820831,-19.068771
2019-10-30 20:55:45,8834,0.10235596,-3.2898254,-19.26271
2019-10-30 20:55:45,8843,-0.49858093,-4.1206055,-17.704071
2019-10-30 20:55:45,8854,-0.625473,-4.707184,-15.8797
2019-10-30 20:55:45,8864,-1.2072601,-5.810913,-12.369797
2019-10-30 20:55:45,8873,-1.5903473,-6.292145,-10.698639
2019-10-30 20:55:45,8884,-1.8776398,-6.447769,-9.463242
2019-10-30 20:55:45,8893,-1.9255219,-5.882736,-9.405777
2019-10-30 20:55:45,8904,-1.7220154,-5.10701,-9.728989
2019-10-30 20:55:45,8913,-1.5759735,-4.6233826,-9.738571
2019-10-30 20:55:45,8924,-0.25917053,-3.043213,-9.906158
2019-10-30 20:55:45,8933,0.7463989,-1.9418793,-10.0091095
2019-10-30 20:55:45,8943,1.5436707,-1.3002319,-10.052216
2019-10-30 20:55:45,8954,1.7615356,-1.0727844,-9.915741
2019-10-30 20:55:45,8964,1.83815,-1.5396576,-8.998764
2019-10-30 20:55:45,8973,1.7519684,-1.992157,-7.650818
2019-10-30 20:55:45,8984,1.6777496,-2.447052,-6.278946
2019-10-30 20:55:45,8993,1.2779083,-3.0743408,-5.1345215
2019-10-30 20:55:45,9004,0.9020233,-3.4957123,-4.030792
2019-10-30 20:55:45,9014,0.71287537,-3.6896515,-2.8049622
2019-10-30 20:55:45,9023,1.16539,-3.4885406,-1.6006775
2019-10-30 20:55:45,9034,2.099121,-2.691269,-1.0069122
2019-10-30 20:55:45,9044,3.3249512,-1.5492401,-1.0523987
2019-10-30 20:55:45,9053,4.5867004,-0.36650085,-1.6294098
2019-10-30 20:55:45,9063,4.96019,-0.074401855,-1.4618073
2019-10-30 20:55:45,9074,4.905136,-0.8213959,0.027374268
2019-10-30 20:55:45,9083,3.8133698,-2.2124329,2.677765
2019-10-30 20:55:45,9094,2.0871582,-3.2754517,5.8596497
2019-10-30 20:55:45,9104,1.2372131,-3.924286,8.136536
2019-10-30 20:55:45,9115,2.2834778,-3.3377075,9.19957
2019-10-30 20:55:45,9123,5.5874786,-1.9394836,11.129288
2019-10-30 20:55:45,9134,8.8364105,-2.4949493,15.745316
2019-10-30 20:55:45,9144,10.986404,-7.6975403,27.924622
2019-10-30 20:55:45,9153,9.236237,-18.109924,47.77974
2019-10-30 20:55:45,9163,3.8061981,-27.00438,66.344376
2019-10-30 20:55:45,9174,-0.24240112,-30.104874,74.77435
2019-10-30 20:55:45,9183,2.3960114,-27.061844,70.692245
2019-10-30 20:55:45,9194,8.058289,-21.619827,59.927917
2019-10-30 20:55:45,9203,11.577774,-16.424408,51.979156
2019-10-30 20:55:45,9214,10.198715,-14.221741,47.62889
2019-10-30 20:55:45,9223,6.470932,-14.693405,47.619324
2019-10-30 20:55:45,9234,8.443756,-12.950424,50.540253
2019-10-30 20:55:45,9243,15.944794,-7.628113,52.960785
2019-10-30 20:55:45,9253,19.255981,-3.2395477,45.17244
2019-10-30 20:55:45,9264,14.683044,-4.1636963,33.35228
2019-10-30 20:55:45,9274,10.529114,-6.0503387,26.818497
2019-10-30 20:55:45,9283,6.063919,-7.601776,22.298248
2019-10-30 20:55:45,9294,5.1038513,-7.7262726,20.057266
2019-10-30 20:55:45,9303,4.3616486,-7.778946,14.220215
2019-10-30 20:55:45,9314,3.9953308,-7.4796753,7.38237
2019-10-30 20:55:45,9324,3.703247,-6.0216064,-2.0699463
2019-10-30 20:55:45,9333,3.454239,-4.585083,-7.432953
2019-10-30 20:55:45,9343,3.2004547,-3.2754517,-10.442459
2019-10-30 20:55:45,9354,3.2435608,-2.1669312,-12.458389
2019-10-30 20:55:45,9363,3.4853668,-1.5276794,-13.830261
2019-10-30 20:55:45,9374,3.3824158,-0.8309784,-14.615555
2019-10-30 20:55:45,9383,3.2651062,-0.37606812,-14.967499
2019-10-30 20:55:45,9394,2.987381,-0.15341187,-15.080032
2019-10-30 20:55:45,9403,2.7000732,-0.29467773,-15.108765
2019-10-30 20:55:45,9413,1.7519684,-1.0775757,-14.692169
2019-10-30 20:55:45,9424,0.42079163,-2.2459412,-13.739273
2019-10-30 20:55:45,9433,-1.0109406,-3.699234,-12.077698
2019-10-30 20:55:45,9443,-2.6198425,-4.9322357,-10.499924
2019-10-30 20:55:45,9454,-3.946228,-5.4493866,-9.242966
2019-10-30 20:55:45,9463,-4.7434998,-5.485306,-8.438522
2019-10-30 20:55:45,9475,-4.9326477,-5.1094055,-8.136841
2019-10-30 20:55:45,9483,-4.8081512,-4.3504486,-7.8112335
2019-10-30 20:55:45,9495,-4.7339325,-3.7303467,-7.5454865
2019-10-30 20:55:45,9504,-4.5016937,-3.4574127,-7.895035
2019-10-30 20:55:45,9513,-3.8049774,-2.7535248,-8.254166
2019-10-30 20:55:45,9523,-2.8041992,-1.6019135,-8.144028
2019-10-30 20:55:45,9534,-2.0691833,-1.2236176,-7.583786
2019-10-30 20:55:45,9543,-1.6621704,-1.1278534,-6.5423126
2019-10-30 20:55:45,9554,-1.3413391,-1.0895538,-5.4936523
2019-10-30 20:55:45,9564,-1.1426239,-1.2260132,-4.595825
2019-10-30 20:55:45,9574,-1.111496,-1.2308044,-3.9421997
2019-10-30 20:55:45,9584,-0.9151764,-1.3529053,-3.2407074
2019-10-30 20:55:45,9593,-0.93193054,-1.4199524,-3.0108643
2019-10-30 20:55:45,9603,-0.72602844,-1.3720703,-2.120224
2019-10-30 20:55:45,9613,-0.28071594,-1.2667236,-1.4689941
2019-10-30 20:55:45,9624,0.25080872,-0.9530792,-0.997345
2019-10-30 20:55:45,9633,1.0911713,-0.17974854,-0.020507812
2019-10-30 20:55:45,9643,1.2348175,0.007003784,1.0185852
2019-10-30 20:55:45,9653,0.92836,-0.16059875,2.325821
2019-10-30 20:55:45,9664,0.23643494,-0.45986938,3.6019287
2019-10-30 20:55:45,9673,0.18615723,-0.5987396,4.2651215
2019-10-30 20:55:45,9683,0.46148682,-0.34973145,5.34729
2019-10-30 20:55:45,9694,0.9355469,0.054885864,7.248291
2019-10-30 20:55:45,9703,2.5324707,-0.5292969,10.176407
2019-10-30 20:55:45,9713,2.822174,-3.9745636,18.37175
2019-10-30 20:55:45,9724,3.5547943,-13.211395,35.123978
2019-10-30 20:55:45,9733,2.6210632,-20.609467,48.71347
2019-10-30 20:55:45,9744,-1.2288208,-30.313171,68.36748
2019-10-30 20:55:45,9753,-3.9558105,-34.981873,78.64099
2019-10-30 20:55:45,9763,-1.8728485,-34.00264,78.64099
2019-10-30 20:55:46,9774,2.8125916,-29.257324,76.97223
2019-10-30 20:55:46,9783,9.360733,-21.342102,65.097
2019-10-30 20:55:46,9794,13.349472,-12.083725,52.68306
2019-10-30 20:55:46,9804,13.102875,-6.9697113,44.004074
2019-10-30 20:55:46,9813,10.569809,-4.6305695,35.997864
2019-10-30 20:55:46,9824,8.144485,-3.711197,28.817657
2019-10-30 20:55:46,9833,5.474945,-4.2044067,25.844055
2019-10-30 20:55:46,9844,3.770279,-4.901123,23.88321
2019-10-30 20:55:46,9853,2.8245697,-5.2195435,20.356552
2019-10-30 20:55:46,9864,2.561203,-4.846054,15.197037
2019-10-30 20:55:46,9873,2.554016,-4.1804657,8.445389
2019-10-30 20:55:46,9884,2.7479553,-3.201233,1.1885681
2019-10-30 20:55:46,9893,2.9825897,-2.6553497,-2.180069
2019-10-30 20:55:46,9904,3.5380402,-0.7807007,-10.442459
2019-10-30 20:55:46,9913,2.8173828,-0.24440002,-13.545349
2019-10-30 20:55:46,9923,1.7639313,-0.1845398,-14.838211
2019-10-30 20:55:46,9933,0.88526917,-0.25636292,-14.895676
2019-10-30 20:55:46,9943,0.576416,-0.40480042,-15.075241
2019-10-30 20:55:46,9954,0.72006226,-0.58436584,-14.371353
2019-10-30 20:55:46,9963,0.6817627,-0.8309784,-13.298752
2019-10-30 20:55:46,9973,0.26037598,-1.2906647,-12.297974
2019-10-30 20:55:46,9984,-0.49378967,-2.1765137,-11.239731
2019-10-30 20:55:46,9993,-1.4347229,-3.1246185,-10.095306
2019-10-30 20:55:46,10003,-2.119461,-3.6872559,-8.773712
2019-10-30 20:55:46,10013,-2.4259186,-3.8764038,-7.646042
2019-10-30 20:55:46,10024,-2.2990265,-3.8476715,-6.7194824
2019-10-30 20:55:46,10033,-1.9805908,-3.632187,-6.1376953
2019-10-30 20:55:46,10044,-1.5687866,-3.146164,-5.658844
2019-10-30 20:55:46,10053,-0.9941864,-2.47818,-5.673218
2019-10-30 20:55:46,10063,-0.54885864,-1.8245697,-5.768982
2019-10-30 20:55:46,10074,0.037719727,-1.0679932,-6.1975403
2019-10-30 20:55:46,10084,0.23883057,-0.71365356,-6.3124695
2019-10-30 20:55:46,10093,0.4471283,-0.33776855,-6.187973
2019-10-30 20:55:46,10103,0.61950684,-0.3545227,-5.9174194
2019-10-30 20:55:46,10114,0.4112091,-0.48860168,-5.393097
2019-10-30 20:55:46,10123,0.33699036,-0.58436584,-4.5503387
2019-10-30 20:55:46,10133,0.32263184,-0.7375946,-3.8057404
2019-10-30 20:55:46,10144,0.2124939,-0.97702026,-3.211975
2019-10-30 20:55:46,10153,0.049682617,-1.1134949,-2.6086426
2019-10-30 20:55:46,10164,0.29389954,-1.3217773,-1.4019623
2019-10-30 20:55:46,10174,0.5381012,-1.2284088,-0.8129883
2019-10-30 20:55:46,10183,0.70570374,-0.9363251,0.07525635
2019-10-30 20:55:46,10194,1.0480652,-0.7950592,0.61395264
2019-10-30 20:55:46,10203,1.5077515,-1.0703888,1.6291046
2019-10-30 20:55:46,10213,1.9099884,-1.6090851,3.2619476
2019-10-30 20:55:46,10224,2.020111,-1.7288055,5.2227936
2019-10-30 20:55:46,10233,2.6354218,-1.4989624,7.5667267
2019-10-30 20:55:46,10244,4.4813538,-0.65141296,10.418213
2019-10-30 20:55:46,10255,7.3017273,1.0724182,13.68869
2019-10-30 20:55:46,10263,7.62973,1.6135101,17.785172
2019-10-30 20:55:46,10274,5.1804657,-0.22045898,21.500977
2019-10-30 20:55:46,10283,4.0025177,-2.4638214,25.990097
2019-10-30 20:55:46,10294,5.2594757,-4.9944916,34.973145
2019-10-30 20:55:46,10303,6.3536224,-7.7454224,45.09822
2019-10-30 20:55:46,10313,6.980896,-10.640015,53.226547
2019-10-30 20:55:46,10324,8.242645,-12.689453,57.229645
2019-10-30 20:55:46,10333,9.753387,-13.17308,59.693283
2019-10-30 20:55:46,10344,10.924149,-12.981552,61.199234
2019-10-30 20:55:46,10353,11.678329,-12.004715,59.717224
2019-10-30 20:55:46,10364,11.699875,-10.460449,56.02536
2019-10-30 20:55:46,10374,11.479614,-8.327225,51.12204
2019-10-30 20:55:46,10383,11.139633,-6.059906,45.380737
2019-10-30 20:55:46,10394,10.442917,-4.166092,38.305878
2019-10-30 20:55:46,10403,8.999222,-3.012085,31.178345
2019-10-30 20:55:46,10414,7.3544006,-2.6026764,24.48175
2019-10-30 20:55:46,10423,6.1836395,-2.4805756,18.735672
2019-10-30 20:55:46,10434,5.5994415,-2.5787354,13.817978
2019-10-30 20:55:46,10443,5.115814,-3.007309,9.582642
2019-10-30 20:55:46,10454,4.347275,-3.8596344,6.1948395
2019-10-30 20:55:46,10463,3.7966156,-4.553955,3.2092743
2019-10-30 20:55:46,10473,3.5236816,-4.6904297,0.008224487
2019-10-30 20:55:46,10484,3.6409912,-4.17807,-3.7554626
2019-10-30 20:55:46,10496,4.1126556,-2.6457825,-8.883835
2019-10-30 20:55:46,10504,4.390381,-1.5995178,-11.852646
2019-10-30 20:55:46,10516,4.478958,-0.3257904,-15.020172
2019-10-30 20:55:46,10524,4.229965,0.6678009,-16.794281
2019-10-30 20:55:46,10534,3.3225555,0.79948425,-17.127075
2019-10-30 20:55:46,10543,2.3457336,0.1769867,-15.937164
2019-10-30 20:55:46,10554,1.5700073,-0.94589233,-13.380142
2019-10-30 20:55:46,10565,0.5069885,-2.2890472,-10.392181
2019-10-30 20:55:46,10573,-0.6446228,-2.5356445,-6.4393616
2019-10-30 20:55:46,10584,-1.3796539,-3.6513367,-6.152054
2019-10-30 20:55:46,10593,-3.2327576,-6.1604614,-6.398651
2019-10-30 20:55:46,10603,-3.680481,-5.375168,-5.1464844
2019-10-30 20:55:46,10614,-3.7187805,-4.7766113,-5.417038
2019-10-30 20:55:46,10623,-2.7180023,-4.209198,-6.3435974
2019-10-30 20:55:46,10634,-2.0787506,-3.431076,-7.0762177
2019-10-30 20:55:46,10643,-0.6518097,-1.8101959,-8.081787
2019-10-30 20:55:46,10653,-0.08198547,-1.0416565,-8.929321
2019-10-30 20:55:46,10663,0.27713013,-0.75675964,-9.14241
2019-10-30 20:55:46,10674,0.34417725,-0.63464355,-9.173538
2019-10-30 20:55:46,10684,-0.0029907227,-0.9818115,-8.256561
2019-10-30 20:55:46,10693,-0.2783203,-1.3624878,-7.2366333
2019-10-30 20:55:46,10703,-0.57040405,-1.7862549,-6.3962708
2019-10-30 20:55:46,10714,-0.8768616,-2.181305,-5.5846252
2019-10-30 20:55:46,10723,-0.87446594,-2.4302979,-4.8496094
2019-10-30 20:55:46,10734,-0.61351013,-2.363266,-4.361191
2019-10-30 20:55:46,10743,-0.15142822,-2.040039,-3.9637604
2019-10-30 20:55:46,10753,0.57162476,-1.853302,-3.7315216
2019-10-30 20:55:46,10764,0.7823181,-1.5995178,-3.4657593
2019-10-30 20:55:47,10773,0.98342896,-1.7216187,-2.7283478
2019-10-30 20:55:47,10784,0.62190247,-2.5164948,-1.555191
2019-10-30 20:55:47,10794,-0.383667,-3.1318054,-0.705246
2019-10-30 20:55:47,10804,-1.3150024,-3.2515106,0.42721558
2019-10-30 20:55:47,10813,-2.3852081,-2.8373108,2.622696
2019-10-30 20:55:47,10824,-1.755539,-0.98898315,4.1430054
2019-10-30 20:55:47,10833,1.2372131,1.9798126,5.718399
2019-10-30 20:55:47,10844,3.3105927,3.0117188,8.354416
2019-10-30 20:55:47,10853,3.2507324,-1.7527466,14.849884
2019-10-30 20:55:47,10864,3.2962189,-12.497925,33.958008
2019-10-30 20:55:47,10873,-0.52012634,-22.333298,64.09622
2019-10-30 20:55:47,10883,-4.6644897,-27.708282,78.64099
2019-10-30 20:55:47,10893,-5.6916046,-27.169586,78.64099
2019-10-30 20:55:47,10903,-1.8896179,-21.571945,73.84779
2019-10-30 20:55:47,10914,3.8516846,-14.025421,63.339645
2019-10-30 20:55:47,10923,6.6552887,-8.9353485,56.918396
2019-10-30 20:55:47,10933,4.5627594,-7.790924,53.645523
2019-10-30 20:55:47,10944,1.5987396,-8.415802,51.1364
2019-10-30 20:55:47,10953,1.9554749,-7.6065674,47.899445
2019-10-30 20:55:47,10963,3.6433868,-5.858795,43.841278
2019-10-30 20:55:47,10974,4.52684,-4.360031,37.130325
2019-10-30 20:55:47,10983,5.051178,-3.1198273,28.065872
2019-10-30 20:55:47,10995,4.431076,-1.9514618,16.25528
2019-10-30 20:55:47,11003,3.605072,-1.7814789,10.64566
2019-10-30 20:55:47,11014,2.271515,-2.078354,4.2411804
2019-10-30 20:55:47,11023,1.7328186,-1.937088,-1.021286
2019-10-30 20:55:47,11034,1.6011353,-1.7647095,-6.0586853
2019-10-30 20:55:47,11044,1.5029755,-1.4845886,-9.238174
2019-10-30 20:55:47,11054,1.1773529,-0.96743774,-11.663513
2019-10-30 20:55:47,11063,1.735199,-0.012161255,-15.099182
2019-10-30 20:55:47,11074,1.5580292,0.47625732,-17.052856
2019-10-30 20:55:47,11083,0.8876648,-0.3904419,-18.62584
2019-10-30 20:55:47,11094,1.0337067,-0.22045898,-18.458252
2019-10-30 20:55:47,11103,0.73443604,-0.89801025,-18.020111
2019-10-30 20:55:47,11114,0.121520996,-2.8085785,-15.80069
2019-10-30 20:55:47,11123,-1.8297577,-4.917877,-12.518234
2019-10-30 20:55:47,11134,-2.9263,-6.0024414,-10.990738
2019-10-30 20:55:47,11143,-4.7506866,-7.1851807,-7.911789
2019-10-30 20:55:47,11154,-4.894333,-6.88591,-6.94693
2019-10-30 20:55:47,11163,-5.2558594,-6.289749,-6.4561157
2019-10-30 20:55:47,11174,-3.965393,-5.047165,-6.3842926
2019-10-30 20:55:47,11183,-3.4889374,-4.036804,-6.2023315
2019-10-30 20:55:47,11194,-3.0651703,-3.376007,-5.785736
2019-10-30 20:55:47,11203,-1.4730225,-2.2507324,-5.776169
2019-10-30 20:55:47,11214,-1.2048798,-1.8604736,-5.8216553
2019-10-30 20:55:47,11223,-1.4945679,-1.7455597,-4.962143
2019-10-30 20:55:47,11234,-1.4562683,-1.8125916,-4.2845764
2019-10-30 20:55:47,11244,-1.4179535,-1.9251251,-3.2957764
2019-10-30 20:55:47,11253,-1.2503662,-1.8868103,-2.1944427
2019-10-30 20:55:47,11263,-0.9271393,-1.9442749,-1.2463379
2019-10-30 20:55:47,11274,-0.7810974,-1.774292,-0.31259155
2019-10-30 20:55:47,11283,-0.5177307,-1.6569672,0.3721466
2019-10-30 20:55:47,11294,-0.1993103,-1.3576965,1.2125092
2019-10-30 20:55:47,11303,0.4543152,-0.86927795,1.8733063
2019-10-30 20:55:47,11314,1.0696259,-0.15341187,2.1893463
2019-10-30 20:55:47,11323,2.1134949,1.2017059,2.8118439
2019-10-30 20:55:47,11334,2.39122,2.0157318,4.145401
2019-10-30 20:55:47,11343,2.6378174,2.7387848,5.601074
2019-10-30 20:55:47,11354,2.9203339,3.7419586,6.549179
2019-10-30 20:55:47,11363,3.8014069,4.9270782,7.262665
2019-10-30 20:55:47,11374,4.797394,5.3460693,9.642487
2019-10-30 20:55:47,11383,4.723175,4.9558105,13.437302
2019-10-30 20:55:47,11394,3.703247,3.6198425,17.06691
2019-10-30 20:55:47,11404,1.8477325,0.23205566,21.59674
2019-10-30 20:55:47,11414,-0.0843811,-4.3743896,27.517609
2019-10-30 20:55:47,11424,-3.467392,-10.72142,35.655502
2019-10-30 20:55:47,11434,-7.3867035,-18.818604,45.565094
2019-10-30 20:55:47,11443,-8.909409,-25.294922,54.81151
2019-10-30 20:55:47,11454,-8.583801,-27.89743,59.755524
2019-10-30 20:55:47,11464,-6.5798492,-29.108887,62.33409
2019-10-30 20:55:47,11474,-4.9877167,-27.337173,60.17212
2019-10-30 20:55:47,11483,-4.176071,-25.002838,55.896072
2019-10-30 20:55:47,11494,-4.604645,-21.660522,50.626434
2019-10-30 20:55:47,11504,-5.1217804,-18.70369,45.840424
2019-10-30 20:55:47,11515,-4.542389,-15.447571,39.546066
2019-10-30 20:55:47,11523,-3.4721832,-12.746918,34.666687
2019-10-30 20:55:47,11534,-1.0731964,-8.671982,27.359589
2019-10-30 20:55:47,11544,0.636261,-6.4286194,22.099518
2019-10-30 20:55:47,11553,1.8668823,-4.8245087,16.717361
2019-10-30 20:55:47,11564,2.458252,-3.996109,12.532303
2019-10-30 20:55:47,11573,3.047226,-2.9115295,7.310547
2019-10-30 20:55:47,11583,3.7846375,-1.9538574,2.105545
2019-10-30 20:55:47,11594,3.9498444,-1.9730072,0.42721558
2019-10-30 20:55:47,11604,3.7559052,-2.4326935,-2.3476715
2019-10-30 20:55:47,11614,2.8868103,-3.3807983,-6.049103
2019-10-30 20:55:47,11623,2.4486847,-3.138977,-8.888626
2019-10-30 20:55:47,11633,2.6617584,-2.1789093,-11.711395
2019-10-30 20:55:47,11643,3.7726746,-0.7519684,-13.01384
2019-10-30 20:55:47,11654,4.996109,0.6199188,-12.805542
2019-10-30 20:55:47,11663,5.225952,0.9072113,-11.2948
2019-10-30 20:55:47,11673,4.680069,0.16500854,-9.310013
2019-10-30 20:55:47,11684,4.280243,-0.82858276,-7.7322235
2019-10-30 20:55:47,11693,4.5555725,-1.403183,-6.899048
2019-10-30 20:55:47,11703,2.5588074,-2.387207,-6.444153
2019-10-30 20:55:47,11714,1.7184448,-3.6633148,-7.346756
2019-10-30 20:55:47,11723,1.1988983,-3.7423248,-8.088959
2019-10-30 20:55:47,11733,0.121520996,-3.4430542,-8.766525
2019-10-30 20:55:47,11743,0.071243286,-2.9570312,-9.192688
2019-10-30 20:55:47,11754,-0.19691467,-2.284256,-9.506332
2019-10-30 20:55:47,11763,-0.06762695,-1.5109253,-9.879822
2019-10-30 20:55:48,11773,0.42318726,-0.8429413,-9.894196
2019-10-30 20:55:48,11784,0.7823181,-0.38565063,-9.57576
2019-10-30 20:55:48,11793,0.90441895,-0.4407196,-8.800049
2019-10-30 20:55:48,11804,1.1773529,-0.4024048,-7.8423615
2019-10-30 20:55:48,11813,1.1438446,-0.462265,-7.3563385
2019-10-30 20:55:48,11823,1.3521271,-0.45747375,-7.0163574
2019-10-30 20:55:48,11834,1.7208405,-0.3545227,-6.563858
2019-10-30 20:55:48,11843,1.9004059,-0.2850952,-6.1592407
2019-10-30 20:55:48,11853,2.0249023,-0.26594543,-5.560684
2019-10-30 20:55:48,11864,2.0225067,-0.24679565,-5.0435333
2019-10-30 20:55:48,11873,2.0249023,-0.2348175,-3.7865906
2019-10-30 20:55:48,11884,2.0847626,-0.18693542,-2.8265076
2019-10-30 20:55:48,11894,2.4989624,0.018966675,-2.3979492
2019-10-30 20:55:48,11903,2.6593628,0.021362305,-2.3045654
2019-10-30 20:55:48,11914,1.7950592,-1.1158905,-0.83932495
2019-10-30 20:55:48,11923,0.36572266,-2.2555237,1.7009277
2019-10-30 20:55:48,11934,-0.8864441,-3.3113708,4.6026917
2019-10-30 20:55:48,11943,-0.45788574,-3.1605377,9.553909
2019-10-30 20:55:48,11954,0.62908936,-2.490158,13.585739
2019-10-30 20:55:48,11963,1.0791931,-1.506134,18.264008
2019-10-30 20:55:48,11973,-1.3868256,-2.5356445,23.878418
2019-10-30 20:55:48,11984,-2.7587128,-5.1644745,32.911743
2019-10-30 20:55:48,11993,-2.8209534,-6.5722656,39.15822
2019-10-30 20:55:48,12003,-3.6062622,-11.497147,57.658203
2019-10-30 20:55:48,12014,-4.6716766,-13.695023,62.563934
2019-10-30 20:55:48,12024,-5.2845917,-15.165054,66.70351
2019-10-30 20:55:48,12034,-4.348465,-14.9088745,67.62048
2019-10-30 20:55:48,12043,-2.6988525,-13.034225,67.34993
2019-10-30 20:55:48,12054,-2.2750854,-11.925705,64.86716
2019-10-30 20:55:48,12064,-1.640625,-9.35672,57.864105
2019-10-30 20:55:48,12073,-0.77153015,-6.9313965,51.428497
2019-10-30 20:55:48,12083,0.22207642,-5.387146,46.68318
2019-10-30 20:55:48,12094,1.1988983,-4.288208,40.556427
2019-10-30 20:55:48,12103,1.9674377,-3.5268402,33.333115
2019-10-30 20:55:48,12114,2.6019135,-3.1365967,25.671677
2019-10-30 20:55:48,12123,2.7838593,-3.2826385,18.240067
2019-10-30 20:55:48,12133,2.6474,-3.917099,11.67038
2019-10-30 20:55:48,12144,3.4638214,-4.3815765,5.7806396
2019-10-30 20:55:48,12153,4.3496704,-4.5563507,0.76000977
2019-10-30 20:55:48,12163,5.4533997,-4.465378,-3.484909
2019-10-30 20:55:48,12173,6.214752,-3.9769592,-7.480835
2019-10-30 20:55:48,12184,5.316925,-3.7997894,-11.625198
2019-10-30 20:55:48,12193,4.6034546,-3.2778473,-15.496628
2019-10-30 20:55:48,12204,4.4286804,-2.550003,-17.749573
2019-10-30 20:55:48,12213,4.644165,-1.8078003,-19.169327
2019-10-30 20:55:48,12224,4.5867004,-1.8197784,-19.451843
2019-10-30 20:55:48,12233,3.87323,-2.3441162,-18.589935
2019-10-30 20:55:48,12244,2.8125916,-3.3903809,-16.755981
2019-10-30 20:55:48,12253,1.2372131,-5.051956,-14.0625
2019-10-30 20:55:48,12264,-0.7188568,-6.581848,-11.737732
2019-10-30 20:55:48,12273,-2.241562,-7.2833405,-10.38739
2019-10-30 20:55:48,12283,-2.890396,-7.1995544,-9.800812
2019-10-30 20:55:48,12294,-4.147354,-8.178772,-10.588516
2019-10-30 20:55:48,12303,-4.178467,-6.55072,-9.764908
2019-10-30 20:55:48,12314,-2.7060394,-5.4039,-9.740967
2019-10-30 20:55:48,12323,-1.051651,-3.8740082,-9.111282
2019-10-30 20:55:48,12333,-0.12748718,-2.9378662,-8.907776
2019-10-30 20:55:48,12344,0.49261475,-2.7343597,-8.249374
2019-10-30 20:55:48,12354,0.81822205,-2.6218414,-7.3084564
2019-10-30 20:55:48,12364,1.0169525,-2.5117035,-6.2095184
2019-10-30 20:55:48,12373,1.1175079,-2.497345,-5.4074554
2019-10-30 20:55:48,12384,1.1270752,-2.4949493,-4.41626
2019-10-30 20:55:48,12393,0.8780823,-2.6026764,-3.4777374
2019-10-30 20:55:48,12403,0.57162476,-2.6936646,-2.2088013
2019-10-30 20:55:48,12414,0.22685242,-2.8205566,-1.5216675
2019-10-30 20:55:48,12423,-0.16099548,-2.7511292,-0.63342285
2019-10-30 20:55:48,12433,0.21968079,-2.1789093,-0.039657593
2019-10-30 20:55:48,12443,0.3034668,-1.7000732,0.45115662
2019-10-30 20:55:48,12454,0.36332703,-1.1733398,0.6331177
2019-10-30 20:55:48,12463,0.6242981,-0.7878723,0.67381287
2019-10-30 20:55:48,12473,0.6338806,-0.60591125,0.90605164
2019-10-30 20:55:48,12484,0.56443787,-0.53648376,1.9954071
2019-10-30 20:55:48,12493,0.60754395,-0.6322479,3.9442902
2019-10-30 20:55:48,12503,0.655426,-0.3425598,6.8508606
2019-10-30 20:55:48,12514,1.0025787,-0.34016418,10.7725525
2019-10-30 20:55:48,12524,0.8613281,-0.124679565,15.874603
2019-10-30 20:55:48,12533,0.5261383,0.32063293,21.014954
2019-10-30 20:55:48,12543,-0.10115051,0.739624,26.45697
2019-10-30 20:55:48,12554,0.09039307,1.1562195,32.080948
2019-10-30 20:55:48,12564,0.37051392,-0.43592834,38.126312
2019-10-30 20:55:48,12573,-1.2383881,-4.8843536,46.597
2019-10-30 20:55:48,12583,-3.16333,-9.371094,57.516953
2019-10-30 20:55:48,12594,-2.8520813,-11.64798,63.339645
2019-10-30 20:55:48,12604,0.16461182,-11.363068,65.36754
2019-10-30 20:55:48,12613,3.8325348,-9.605728,63.85919
2019-10-30 20:55:48,12623,6.236313,-7.5443115,58.65181
2019-10-30 20:55:48,12634,6.7175446,-5.6026154,52.905716
2019-10-30 20:55:48,12644,5.4605865,-4.6976166,48.48123
2019-10-30 20:55:48,12653,4.1318054,-4.9585724,45.11499
2019-10-30 20:55:48,12664,3.1310272,-5.0208282,41.85408
2019-10-30 20:55:48,12674,3.119049,-4.846054,39.033707
2019-10-30 20:55:48,12683,3.727188,-4.570709,32.40895
2019-10-30 20:55:48,12693,4.285034,-4.525223,25.93982
2019-10-30 20:55:48,12704,4.469391,-4.518051,19.075653
2019-10-30 20:55:48,12714,4.821335,-4.395935,11.311249
2019-10-30 20:55:48,12723,5.360031,-3.5914917,4.255539
2019-10-30 20:55:48,12733,5.2187653,-2.945053,-1.6772919
2019-10-30 20:55:48,12744,4.4167175,-2.5164948,-6.741028
2019-10-30 20:55:48,12753,2.8485107,-2.32016,-10.8901825
2019-10-30 20:55:48,12764,3.2507324,-1.9993439,-15.1757965
2019-10-30 20:55:49,12773,2.7216187,-0.68252563,-18.01532
2019-10-30 20:55:49,12784,2.0799713,0.045303345,-19.700836
2019-10-30 20:55:49,12795,1.0097656,0.19374084,-20.5867
2019-10-30 20:55:49,12803,1.0025787,0.021362305,-19.724777
2019-10-30 20:55:49,12815,0.94750977,-0.4526825,-17.359314
2019-10-30 20:55:49,12823,0.9163971,-1.0440521,-15.779144
2019-10-30 20:55:49,12834,0.39205933,-2.5667725,-12.42247
2019-10-30 20:55:49,12843,-0.13227844,-3.3017883,-10.258118
2019-10-30 20:55:49,12853,-0.8792572,-4.1756744,-7.0235443
2019-10-30 20:55:49,12864,-1.3126068,-4.269043,-5.084244
2019-10-30 20:55:49,12873,-1.0660095,-4.043991,-3.6573029
2019-10-30 20:55:49,12883,-0.73561096,-3.7566833,-2.192047
2019-10-30 20:55:49,12894,-0.7810974,-3.534027,-1.3133698
2019-10-30 20:55:49,12903,-0.5680084,-3.589096,-0.9350891
2019-10-30 20:55:49,12913,-0.024536133,-3.5867004,-0.35809326
2019-10-30 20:55:49,12924,0.29389954,-3.3448792,-0.09951782
2019-10-30 20:55:49,12933,0.53092957,-3.1868744,0.10398865
2019-10-30 20:55:49,12943,1.0001831,-2.7846375,0.3841095
2019-10-30 20:55:49,12953,1.1701813,-2.260315,0.6331177
2019-10-30 20:55:49,12964,1.1510162,-1.8556976,0.5397339
2019-10-30 20:55:49,12973,1.1127167,-1.6330261,0.30271912
2019-10-30 20:55:49,12983,0.8589325,-1.5468445,-0.14021301
2019-10-30 20:55:49,12993,0.42797852,-1.4414978,-0.61187744
2019-10-30 20:55:49,13004,-0.012557983,-1.0296936,-0.89678955
2019-10-30 20:55:49,13013,-0.24958801,-0.8788605,-0.9686127
2019-10-30 20:55:49,13023,-0.40281677,-0.39762878,-0.80101013
2019-10-30 20:55:49,13034,-0.36450195,-0.22045898,-0.56399536
2019-10-30 20:55:49,13043,-0.09156799,-0.033706665,0.08963013
2019-10-30 20:55:49,13054,0.7655487,0.15304565,1.3729248
2019-10-30 20:55:49,13063,1.1127167,0.32781982,2.670578
2019-10-30 20:55:49,13074,1.280304,0.35176086,3.7982483
2019-10-30 20:55:49,13083,1.1701813,0.4116211,4.509323
2019-10-30 20:55:49,13093,1.16539,1.0101624,4.9690094
2019-10-30 20:55:49,13104,1.8956146,2.0540466,8.167664
2019-10-30 20:55:49,13114,1.0361023,2.3581085,9.608978
2019-10-30 20:55:49,13123,-0.20170593,1.7236328,10.973663
2019-10-30 20:55:49,13133,1.5604248,2.6190643,9.008026
2019-10-30 20:55:49,13144,1.0672302,3.9957428,9.960922
2019-10-30 20:55:49,13153,4.7566833,2.633438,16.032623
2019-10-30 20:55:49,13164,9.320038,-4.1206055,33.21341
2019-10-30 20:55:49,13173,11.541855,-14.200195,62.551956
2019-10-30 20:55:49,13184,9.087799,-24.447372,78.60747
2019-10-30 20:55:49,13193,7.861969,-24.512024,78.64099
2019-10-30 20:55:49,13204,12.013519,-18.777908,78.64099
2019-10-30 20:55:49,13213,17.326248,-10.273712,65.87511
2019-10-30 20:55:49,13224,17.165833,-4.944214,54.70616
2019-10-30 20:55:49,13233,13.213013,-3.217987,48.77333
2019-10-30 20:55:49,13243,7.838028,-3.510086,43.23793
2019-10-30 20:55:49,13254,5.649719,-3.2850342,37.44397
2019-10-30 20:55:49,13263,5.027237,-2.7415466,30.816818
2019-10-30 20:55:49,13274,4.3233337,-2.9857483,24.553589
2019-10-30 20:55:49,13283,3.928299,-3.4885406,20.1698
2019-10-30 20:55:49,13294,3.7415466,-4.1996155,12.424561
2019-10-30 20:55:49,13303,4.0336456,-4.173279,6.2499084
2019-10-30 20:55:49,13314,4.232361,-4.082306,1.7679596
2019-10-30 20:55:49,13324,4.1318054,-4.036804,-6.1161346
2019-10-30 20:55:49,13334,3.5667725,-3.7135925,-10.155167
2019-10-30 20:55:49,13344,2.7144318,-3.510086,-12.99707
2019-10-30 20:55:49,13353,2.161377,-3.1509552,-14.831039
2019-10-30 20:55:49,13363,1.7399902,-2.0017395,-17.469452
2019-10-30 20:55:49,13373,2.1637726,-1.0560303,-18.6857
2019-10-30 20:55:49,13384,2.5085297,-0.75675964,-19.624222
2019-10-30 20:55:49,13393,2.6354218,-0.63464355,-18.82457
2019-10-30 20:55:49,13403,2.6809235,-1.0871582,-17.20369
2019-10-30 20:55:49,13413,2.592331,-1.7838593,-14.859772
2019-10-30 20:55:49,13424,1.9794159,-2.7439423,-12.499084
2019-10-30 20:55:49,13433,1.1725616,-3.7399292,-10.28923
2019-10-30 20:55:49,13443,-0.06762695,-4.7263336,-7.930954
2019-10-30 20:55:49,13454,-1.2335968,-5.3344727,-5.87912
2019-10-30 20:55:49,13463,-2.1601562,-5.588257,-4.203171
2019-10-30 20:55:49,13473,-2.696457,-5.478119,-2.67807
2019-10-30 20:55:49,13483,-2.6677246,-4.8987274,-1.4713898
2019-10-30 20:55:49,13493,-1.7890625,-4.0487823,-1.1146545
2019-10-30 20:55:49,13504,-0.9654541,-3.158142,-1.4713898
2019-10-30 20:55:49,13513,-0.3764801,-2.157364,-2.3165436
2019-10-30 20:55:49,13524,0.08320618,-1.3457336,-3.0587463
2019-10-30 20:55:49,13533,0.35614014,-0.893219,-3.5974426
2019-10-30 20:55:49,13543,0.46148682,-0.5580292,-3.6309662
2019-10-30 20:55:49,13554,0.5979614,-0.34016418,-3.2215576
2019-10-30 20:55:49,13563,0.7799225,-0.21087646,-2.4769592
2019-10-30 20:55:49,13574,0.7918854,-0.100738525,-2.072342
2019-10-30 20:55:49,13583,0.8325958,-0.1845398,-1.5958862
2019-10-30 20:55:49,13594,0.6602173,-0.2060852,-1.1409912
2019-10-30 20:55:49,13603,0.6266937,-0.16059875,-0.6310272
2019-10-30 20:55:49,13613,0.52853394,-0.24440002,0.08004761
2019-10-30 20:55:49,13624,0.61231995,-0.34735107,0.9012604
2019-10-30 20:55:49,13633,0.8421631,-0.38804626,1.6937408
2019-10-30 20:55:49,13644,0.43754578,-0.2850952,2.6562195
2019-10-30 20:55:49,13654,0.2340393,-0.4407196,2.8932343
2019-10-30 20:55:49,13663,-0.17297363,-0.65141296,3.3194122
2019-10-30 20:55:49,13674,-0.9510803,-0.5891571,3.9682312
2019-10-30 20:55:49,13683,-0.25198364,0.6893463,4.4279175
2019-10-30 20:55:49,13694,-0.85292053,0.9431305,4.5428467
2019-10-30 20:55:49,13704,-1.0995331,1.1179047,5.462219
2019-10-30 20:55:49,13714,-1.0420685,1.5680237,7.6457367
2019-10-30 20:55:49,13723,0.34178162,1.601532,10.482864
2019-10-30 20:55:49,13733,3.5308533,0.8449707,17.16986
2019-10-30 20:55:49,13744,10.387848,-3.9769592,32.50473
2019-10-30 20:55:49,13754,14.106049,-9.462067,49.414978
2019-10-30 20:55:49,13765,12.844299,-20.86087,78.64099
2019-10-30 20:55:50,13774,10.86908,-22.409912,78.64099
2019-10-30 20:55:50,13783,12.844299,-19.630249,78.64099
2019-10-30 20:55:50,13794,17.041336,-13.381378,72.10243
2019-10-30 20:55:50,13803,17.31189,-7.865143,59.80342
2019-10-30 20:55:50,13814,13.248917,-5.26503,52.80995
2019-10-30 20:55:50,13823,8.237854,-5.054352,49.491592
2019-10-30 20:55:50,13834,6.1525116,-4.8005524,46.204346
2019-10-30 20:55:50,13843,6.300949,-3.6513367,41.150192
2019-10-30 20:55:50,13854,6.138138,-3.1174316,34.245316
2019-10-30 20:55:50,13863,5.3815765,-3.3807983,26.67485
2019-10-30 20:55:50,13874,4.510086,-3.7662659,19.264786
2019-10-30 20:55:50,13883,3.8373108,-4.537201,11.478851
2019-10-30 20:55:50,13894,3.1166534,-5.1213837,3.5731964
2019-10-30 20:55:50,13903,2.3385468,-5.3895264,-3.7698212
2019-10-30 20:55:50,13914,1.5700073,-5.16687,-9.963623
2019-10-30 20:55:50,13923,0.8421631,-4.565933,-14.378525
2019-10-30 20:55:50,13934,0.1550293,-3.8835754,-16.945114
2019-10-30 20:55:50,13944,-0.11790466,-3.6034546,-18.245163
2019-10-30 20:55:50,13954,-0.24240112,-2.727188,-20.929062
2019-10-30 20:55:50,13963,-0.35014343,-2.447052,-22.8181
2019-10-30 20:55:50,13974,-0.69252014,-2.5739594,-23.555511
2019-10-30 20:55:50,13983,-0.58717346,-2.8061829,-22.985687
2019-10-30 20:55:50,13993,-0.50097656,-3.5555725,-20.828506
2019-10-30 20:55:50,14004,-0.838562,-4.755066,-17.864487
2019-10-30 20:55:50,14014,-1.6885071,-6.1652527,-14.929199
2019-10-30 20:55:50,14023,-2.799408,-7.491638,-12.094467
2019-10-30 20:55:50,14034,-3.5248566,-8.214691,-9.946869
2019-10-30 20:55:50,14044,-4.559143,-8.68396,-6.207123
2019-10-30 20:55:50,14054,-4.748291,-8.463684,-4.591034
2019-10-30 20:55:50,14063,-4.6429443,-7.735855,-2.848053
2019-10-30 20:55:50,14074,-3.8001862,-6.763809,-1.4857483
2019-10-30 20:55:50,14083,-3.522461,-6.1101837,-0.5208893
2019-10-30 20:55:50,14095,-2.76828,-5.399109,-0.15696716
2019-10-30 20:55:50,14104,-1.7938538,-4.4725494,-0.30541992
2019-10-30 20:55:50,14114,-1.0133362,-3.7327423,-0.5089264
2019-10-30 20:55:50,14124,-0.07720947,-2.6266174,-1.1457825
2019-10-30 20:55:50,14136,0.8948364,-1.379242,-1.7778473
2019-10-30 20:55:50,14143,1.493393,-0.87646484,-2.0843048
2019-10-30 20:55:50,14156,1.8357697,-0.42874146,-1.9143219
2019-10-30 20:55:50,14163,1.785492,-0.32818604,-1.3923798
2019-10-30 20:55:50,14174,1.8477325,-0.22763062,0.10877991
2019-10-30 20:55:50,14184,2.0608215,-0.23002625,1.765564
2019-10-30 20:55:50,14193,2.3840332,-0.17016602,3.1230774
2019-10-30 20:55:50,14203,2.525299,-0.122283936,4.255539
2019-10-30 20:55:50,14214,2.6569672,-0.122283936,4.856491
2019-10-30 20:55:50,14223,3.2890472,0.47146606,4.6577606
2019-10-30 20:55:50,14233,3.339325,1.4698486,4.2028656
2019-10-30 20:55:50,14244,3.394394,1.996582,3.362503
2019-10-30 20:55:50,14253,3.0280762,2.4371185,2.986618
2019-10-30 20:55:50,14264,2.8317566,3.1888885,2.56044
2019-10-30 20:55:50,14273,2.9347076,3.9310913,1.6051636
2019-10-30 20:55:50,14283,2.7216187,3.988556,1.4255981
2019-10-30 20:55:50,14293,2.2834778,3.9837646,2.6322784
2019-10-30 20:55:50,14304,1.2324219,4.5679474,3.6641693
2019-10-30 20:55:50,14313,1.2659454,4.249527,5.2778625
2019-10-30 20:55:50,14323,4.663315,0.39485168,9.393494
2019-10-30 20:55:50,14334,12.956833,-10.194702,27.627731
2019-10-30 20:55:50,14343,19.612717,-26.961288,71.75766
2019-10-30 20:55:50,14353,15.89212,-36.200516,78.49974
2019-10-30 20:55:50,14363,8.14209,-37.87645,78.64099
2019-10-30 20:55:50,14374,18.214493,-30.547806,78.64099
2019-10-30 20:55:50,14383,26.472092,-20.40596,72.6483
2019-10-30 20:55:50,14394,27.920593,-11.705444,57.117126
2019-10-30 20:55:50,14403,19.378082,-8.937744,49.745377
2019-10-30 20:55:50,14413,10.256165,-9.847534,45.100616
2019-10-30 20:55:50,14424,7.31131,-8.657623,39.55565
2019-10-30 20:55:50,14433,8.489243,-5.9665375,32.58374
2019-10-30 20:55:50,14443,8.47728,-4.6593018,25.34845
2019-10-30 20:55:50,14454,8.113358,-4.25708,17.878555
2019-10-30 20:55:50,14464,7.6464844,-4.2474976,10.806076
2019-10-30 20:55:50,14473,7.608185,-4.2044067,5.828537
2019-10-30 20:55:50,14484,7.2777863,-4.2044067,-2.4937134
2019-10-30 20:55:50,14493,5.4917145,-4.7263336,-7.861511
2019-10-30 20:55:50,14504,2.640213,-5.58107,-13.466339
2019-10-30 20:55:50,14513,1.1270752,-5.8396454,-16.128693
2019-10-30 20:55:50,14523,-0.7451935,-5.803726,-18.996948
2019-10-30 20:55:50,14534,-2.0739746,-5.138138,-21.22116
2019-10-30 20:55:50,14544,-1.9686279,-4.676056,-21.795761
2019-10-30 20:55:50,14553,-1.8848267,-4.307358,-21.245102
2019-10-30 20:55:50,14564,-2.1960754,-4.2307434,-20.105469
2019-10-30 20:55:50,14573,-2.0907288,-4.4366455,-18.850906
2019-10-30 20:55:50,14583,-2.023697,-4.652115,-17.206085
2019-10-30 20:55:50,14593,-1.7148438,-4.790985,-15.182983
2019-10-30 20:55:50,14604,-1.427536,-4.8867493,-12.853424
2019-10-30 20:55:50,14613,-1.0612183,-4.826889,-10.595688
2019-10-30 20:55:50,14623,-0.77153015,-4.7574615,-7.8902435
2019-10-30 20:55:50,14633,-0.66378784,-4.917877,-6.120926
2019-10-30 20:55:50,14643,-0.6302643,-4.826889,-5.002838
2019-10-30 20:55:50,14653,-0.58717346,-4.711975,-4.6413116
2019-10-30 20:55:50,14663,-0.3764801,-4.087082,-4.954956
2019-10-30 20:55:50,14674,-0.2400055,-3.589096,-5.48407
2019-10-30 20:55:50,14683,-0.2615509,-3.2898254,-5.8120728
2019-10-30 20:55:50,14693,-0.48182678,-3.1629333,-5.639694
2019-10-30 20:55:50,14703,-0.45069885,-3.1030731,-4.899887
2019-10-30 20:55:50,14713,-0.54885864,-3.055191,-4.167267
2019-10-30 20:55:50,14723,-0.6518097,-3.000122,-3.3149261
2019-10-30 20:55:50,14734,-0.8672943,-2.8468933,-2.5535736
2019-10-30 20:55:50,14743,-0.9295349,-2.6457825,-1.9430542
2019-10-30 20:55:50,14754,-1.1234741,-2.3919983,-1.2511292
2019-10-30 20:55:50,14763,-1.3916168,-2.2698822,-0.9135437
2019-10-30 20:55:51,14774,-1.4658356,-2.0544128,-0.68370056
2019-10-30 20:55:51,14786,-0.96784973,-1.6976776,-0.36286926
2019-10-30 20:55:51,14795,-0.10832214,-1.2571411,0.0010375977
2019-10-30 20:55:51,14804,0.8421631,-0.48860168,0.78874207
2019-10-30 20:55:51,14813,1.8190002,0.2966919,1.3178558
2019-10-30 20:55:51,14823,2.987381,1.1346588,2.7400055
2019-10-30 20:55:51,14834,3.2411652,1.8433533,5.299408
2019-10-30 20:55:51,14843,2.7383728,2.0947418,7.0447845
2019-10-30 20:55:51,14853,1.778305,1.8529205,8.799728
2019-10-30 20:55:51,14863,0.43515015,1.2041016,10.731857
2019-10-30 20:55:51,14874,-1.6430054,0.24880981,13.401398
2019-10-30 20:55:51,14883,-2.0500336,0.26556396,16.884949
2019-10-30 20:55:51,14893,-0.12988281,0.25839233,21.613495
2019-10-30 20:55:51,14903,3.7774658,-4.446213,32.619644
2019-10-30 20:55:51,14913,5.6856384,-14.619186,51.876205
2019-10-30 20:55:51,14924,5.9777374,-24.093033,74.81746
2019-10-30 20:55:51,14933,7.996048,-28.01474,78.638596
2019-10-30 20:55:51,14943,12.70784,-25.773773,78.64099
2019-10-30 20:55:51,14953,17.879303,-19.608704,74.429596
2019-10-30 20:55:51,14963,20.290268,-12.260895,57.51935
2019-10-30 20:55:51,14973,17.070068,-7.268982,46.23787
2019-10-30 20:55:51,14984,9.827606,-6.5483246,41.071182
2019-10-30 20:55:51,14993,6.102234,-6.9912567,38.92598
2019-10-30 20:55:51,15003,-0.40760803,-7.0175934,30.850327
2019-10-30 20:55:51,15013,-1.4562683,-6.114975,25.40831
2019-10-30 20:55:51,15023,-1.1450195,-5.327286,20.047699
2019-10-30 20:55:51,15033,0.08081055,-4.802948,16.23613
2019-10-30 20:55:51,15044,1.4838104,-4.3384857,11.778122
2019-10-30 20:55:51,15053,2.609085,-3.8716125,6.8316956
2019-10-30 20:55:51,15063,3.2100372,-3.625,2.074417
2019-10-30 20:55:51,15073,3.47818,-3.2515106,-1.1816864
2019-10-30 20:55:51,15083,3.0831451,-2.5045166,-5.912628
2019-10-30 20:55:51,15094,3.2148285,-2.0448303,-9.877426
2019-10-30 20:55:51,15103,4.263489,-0.7830963,-12.949188
2019-10-30 20:55:51,15114,3.7247925,0.1410675,-14.735275
2019-10-30 20:55:51,15123,3.277069,0.17938232,-16.181366
2019-10-30 20:55:51,15134,3.0735626,-0.062438965,-16.55246
2019-10-30 20:55:51,15143,2.7599182,-0.45507812,-15.101578
2019-10-30 20:55:51,15154,2.3457336,-1.0560303,-13.988281
2019-10-30 20:55:51,15163,2.3768463,-1.6785278,-12.8749695
2019-10-30 20:55:51,15173,1.9411011,-2.3512878,-11.060165
2019-10-30 20:55:51,15184,1.6418304,-2.9115295,-9.762512
2019-10-30 20:55:51,15193,0.94511414,-3.802185,-8.548645
2019-10-30 20:55:51,15203,0.14546204,-4.470154,-8.105728
2019-10-30 20:55:51,15214,-0.69252014,-4.8292847,-8.282898
2019-10-30 20:55:51,15223,-1.3940125,-4.865204,-8.572586
2019-10-30 20:55:51,15233,-1.8560944,-4.7263336,-8.519913
2019-10-30 20:55:51,15244,-2.0452423,-4.27623,-8.531891
2019-10-30 20:55:51,15253,-1.9446869,-4.015259,-8.553436
2019-10-30 20:55:51,15263,-1.9877777,-3.4454346,-8.187134
2019-10-30 20:55:51,15273,-1.2527618,-2.897171,-7.6436462
2019-10-30 20:55:51,15284,-0.6087189,-2.3105927,-7.066635
2019-10-30 20:55:51,15293,-0.16099548,-1.9849854,-6.4896393
2019-10-30 20:55:51,15303,0.059265137,-1.932312,-5.9796753
2019-10-30 20:55:51,15314,0.16940308,-1.877243,-5.3715515
2019-10-30 20:55:51,15323,0.33699036,-1.8604736,-4.516815
2019-10-30 20:55:51,15334,0.47825623,-1.719223,-3.6333618
2019-10-30 20:55:51,15343,0.70570374,-1.427124,-2.891159
2019-10-30 20:55:51,15353,0.9714508,-1.1110992,-2.417099
2019-10-30 20:55:51,15364,1.062439,-0.91716003,-2.223175
2019-10-30 20:55:51,15373,0.8038635,-0.8022461,-2.2519073
2019-10-30 20:55:51,15384,0.6961212,-0.2635498,-2.7594757
2019-10-30 20:55:51,15393,0.6673889,-0.074401855,-3.3316803
2019-10-30 20:55:51,15403,-0.522522,-0.3210144,-0.3939972
2019-10-30 20:55:51,15415,0.8014679,0.61512756,0.21891785
2019-10-30 20:55:51,15424,4.18927,0.9455261,6.5827026
2019-10-30 20:55:51,15433,7.316086,-1.4175568,15.5082855
2019-10-30 20:55:51,15443,12.310394,-7.731064,36.8526
2019-10-30 20:55:51,15454,16.95993,-19.816986,74.285934
2019-10-30 20:55:51,15465,13.825928,-24.219925,78.638596
2019-10-30 20:55:51,15473,12.114075,-25.055511,78.64099
2019-10-30 20:55:51,15484,17.228088,-19.409973,78.64099
2019-10-30 20:55:51,15493,21.26471,-13.563339,77.85809
2019-10-30 20:55:51,15503,19.56961,-8.9353485,68.56619
2019-10-30 20:55:51,15514,8.901047,-8.317642,54.572083
2019-10-30 20:55:51,15523,2.5707855,-8.1716,44.46855
2019-10-30 20:55:51,15534,0.7607727,-6.600998,37.30031
2019-10-30 20:55:51,15543,1.1342621,-4.999283,32.86386
2019-10-30 20:55:51,15554,2.1254578,-2.8540802,25.027634
2019-10-30 20:55:51,15564,2.9107666,-1.6545715,18.070084
2019-10-30 20:55:51,15573,3.5883179,-0.9578705,12.721436
2019-10-30 20:55:51,15583,4.0839233,-0.7471771,8.692001
2019-10-30 20:55:51,15594,4.4717865,-0.9243469,5.1198425
2019-10-30 20:55:51,15603,4.6537323,-1.1948853,1.7823334
2019-10-30 20:55:51,15613,4.742325,-1.6521912,-1.1170502
2019-10-30 20:55:51,15624,3.9139252,-2.3034058,-3.413086
2019-10-30 20:55:51,15633,2.6474,-3.316162,-6.334015
2019-10-30 20:55:51,15644,2.2044678,-3.4885406,-10.554993
2019-10-30 20:55:51,15653,1.7926636,-2.9570312,-13.540558
2019-10-30 20:55:51,15665,1.5221252,-2.277069,-16.863708
2019-10-30 20:55:51,15673,1.4263611,-2.277069,-18.07518
2019-10-30 20:55:51,15683,0.40403748,-2.6457825,-18.17334
2019-10-30 20:55:51,15694,-0.57040405,-3.217987,-17.273117
2019-10-30 20:55:51,15703,-1.7292023,-3.8716125,-15.86293
2019-10-30 20:55:51,15714,-1.8249664,-4.2044067,-14.687378
2019-10-30 20:55:51,15723,-1.8872223,-4.2714386,-12.714569
2019-10-30 20:55:51,15733,-1.7914581,-4.5395966,-10.964401
2019-10-30 20:55:51,15744,-1.882431,-4.7143707,-9.79364
2019-10-30 20:55:51,15753,-1.9422913,-4.7694397,-8.879044
2019-10-30 20:55:51,15764,-1.7746887,-4.6616974,-8.208679
2019-10-30 20:55:52,15773,-1.6047058,-4.6353607,-7.543091
2019-10-30 20:55:52,15784,-1.0492554,-4.1613007,-7.152832
2019-10-30 20:55:52,15793,-0.20649719,-3.2467194,-7.3874664
2019-10-30 20:55:52,15803,0.47106934,-2.4302979,-6.9804535
2019-10-30 20:55:52,15814,1.2348175,-1.8149872,-6.6332855
2019-10-30 20:55:52,15824,1.6298676,-1.2810822,-6.2190857
2019-10-30 20:55:52,15833,1.8453369,-1.051239,-5.9557343
2019-10-30 20:55:52,15843,2.1589813,-0.7759094,-5.907852
2019-10-30 20:55:52,15854,2.003357,-0.9147644,-5.409851
2019-10-30 20:55:52,15863,1.9866028,-1.0057526,-5.026779
2019-10-30 20:55:52,15874,1.6490173,-1.2236176,-4.1026154
2019-10-30 20:55:52,15883,1.3928375,-1.4558563,-3.3053436
2019-10-30 20:55:52,15894,1.2874908,-1.7766876,-2.7187653
2019-10-30 20:55:52,15904,1.1773529,-2.150177,-1.5384216
2019-10-30 20:55:52,15914,1.6538086,-2.2124329,-0.65496826
2019-10-30 20:55:52,15923,1.7040863,-2.1549683,0.21173096
2019-10-30 20:55:52,15934,1.7878723,-2.2962189,0.685791
2019-10-30 20:55:52,15944,2.0560303,-2.4039612,-0.042053223
2019-10-30 20:55:52,15953,1.4670563,-1.8700562,0.24765015
2019-10-30 20:55:52,15964,1.9028015,-0.9866028,1.1334991
2019-10-30 20:55:52,15974,4.074341,0.030944824,2.105545
2019-10-30 20:55:52,15983,12.348709,-2.6984558,11.0
2019-10-30 20:55:52,15994,15.7341,-14.628754,33.955612
2019-10-30 20:55:52,16003,17.814667,-26.09459,60.459427
2019-10-30 20:55:52,16015,8.328842,-39.38002,78.600296
2019-10-30 20:55:52,16023,4.2993927,-38.249954,78.64099
2019-10-30 20:55:52,16034,22.780243,-24.871155,78.64099
2019-10-30 20:55:52,16043,37.834976,-11.434891,78.64099
2019-10-30 20:55:52,16053,34.442398,-1.7144318,68.22861
2019-10-30 20:55:52,16064,17.390884,-6.7183228,50.205063
2019-10-30 20:55:52,16073,4.2706604,-9.047867,39.740005
2019-10-30 20:55:52,16084,2.446289,-6.976883,33.661133
2019-10-30 20:55:52,16094,4.735138,-4.7335205,32.306
2019-10-30 20:55:52,16103,3.4135437,-4.185257,27.912643
2019-10-30 20:55:52,16114,1.3449554,-4.5755005,21.840958
2019-10-30 20:55:52,16123,-0.5823822,-4.767044,11.53392
2019-10-30 20:55:52,16134,0.047286987,-4.0009003,6.9298706
2019-10-30 20:55:52,16143,1.3473511,-3.3999481,3.101532
2019-10-30 20:55:52,16154,1.9004059,-3.3784027,-0.97817993
2019-10-30 20:55:52,16163,1.0696259,-4.0056915,-5.0363617
2019-10-30 20:55:52,16174,-0.18972778,-4.9897003,-8.785675
2019-10-30 20:55:52,16183,-1.8776398,-5.391922,-12.118408
2019-10-30 20:55:52,16194,-1.9686279,-5.3847504,-16.334595
2019-10-30 20:55:52,16203,-2.1888885,-4.7814026,-19.523666
2019-10-30 20:55:52,16214,-2.617447,-3.8356934,-21.711975
2019-10-30 20:55:52,16223,-2.5935059,-3.3664398,-22.083069
2019-10-30 20:55:52,16235,-1.9734192,-3.328125,-20.689651
2019-10-30 20:55:52,16243,-0.7284241,-3.3568573,-18.2332
2019-10-30 20:55:52,16254,0.3202362,-3.8979492,-15.836594
2019-10-30 20:55:52,16263,0.8613281,-4.489319,-12.451202
2019-10-30 20:55:52,16274,0.59317017,-5.1692657,-9.769699
2019-10-30 20:55:52,16283,0.29629517,-5.6385345,-7.9022217
2019-10-30 20:55:52,16294,-0.82180786,-6.126953,-6.223877
2019-10-30 20:55:52,16303,-1.3604889,-6.174835,-5.1512756
2019-10-30 20:55:52,16314,-1.7746887,-6.1006165,-4.433014
2019-10-30 20:55:52,16323,-2.1362152,-5.6983795,-3.5112457
2019-10-30 20:55:52,16334,-2.052414,-5.118988,-2.8672028
2019-10-30 20:55:52,16343,-1.9279175,-4.537201,-2.211197
2019-10-30 20:55:52,16354,-1.3988037,-3.711197,-2.1226196
2019-10-30 20:55:52,16363,-0.93193054,-3.03125,-2.6086426
2019-10-30 20:55:52,16373,-0.11790466,-2.1477814,-3.4944916
2019-10-30 20:55:52,16384,0.7440033,-0.9913788,-3.729126
2019-10-30 20:55:52,16393,1.0384979,-0.4335327,-3.9685364
2019-10-30 20:55:52,16403,1.4167786,0.1697998,-3.863205
2019-10-30 20:55:52,16414,1.5532532,0.37809753,-3.5256195
2019-10-30 20:55:52,16423,1.3856506,0.35894775,-3.3963318
2019-10-30 20:55:52,16433,0.76794434,-0.1486206,-2.998886
2019-10-30 20:55:52,16444,-0.49858093,-1.0177155,-1.7539062
2019-10-30 20:55:52,16453,-0.97024536,-1.5085297,-0.88002014
2019-10-30 20:55:52,16464,-1.6837158,-1.8101959,0.029769897
2019-10-30 20:55:52,16473,-1.4897766,-1.7455597,0.97787476
2019-10-30 20:55:52,16484,-1.3844452,-1.8078003,3.714447
2019-10-30 20:55:52,16493,-0.96784973,-1.6450043,6.7191772
2019-10-30 20:55:52,16504,1.5867615,-1.1326447,9.879517
2019-10-30 20:55:52,16513,3.3225555,-0.067230225,16.238525
2019-10-30 20:55:52,16523,4.766266,0.65582275,22.57837
2019-10-30 20:55:52,16533,4.8955536,0.5672455,24.864822
2019-10-30 20:55:52,16544,4.3927765,-0.18693542,24.89116
2019-10-30 20:55:52,16553,2.4941711,-0.84773254,20.900024
2019-10-30 20:55:52,16563,0.49980164,-1.7072449,29.746613
2019-10-30 20:55:52,16574,2.15419,-5.5475464,41.971405
2019-10-30 20:55:52,16584,3.7295837,-10.733398,57.01895
2019-10-30 20:55:52,16593,3.2339783,-14.899307,66.27495
2019-10-30 20:55:52,16603,1.9889984,-17.250412,69.79442
2019-10-30 20:55:52,16614,0.5165558,-17.200134,59.949463
2019-10-30 20:55:52,16623,1.8573151,-12.663116,49.376663
2019-10-30 20:55:52,16634,6.5236053,-6.6536713,42.4646
2019-10-30 20:55:52,16647,8.403061,-4.288208,40.47023
2019-10-30 20:55:52,16653,8.6353,-2.4949493,38.320236
2019-10-30 20:55:52,16664,7.416641,-1.319397,33.440857
2019-10-30 20:55:52,16673,6.3416443,-0.5771942,29.51915
2019-10-30 20:55:52,16684,5.228348,0.028549194,25.693222
2019-10-30 20:55:52,16694,3.284256,0.2631836,19.130722
2019-10-30 20:55:52,16703,2.9155426,0.078826904,18.199371
2019-10-30 20:55:52,16714,0.83499146,-1.4774017,11.936142
2019-10-30 20:55:52,16723,0.052078247,-2.0927124,8.237091
2019-10-30 20:55:52,16733,1.2922821,-0.51493835,4.983383
2019-10-30 20:55:52,16743,0.7033081,-0.62028503,2.71846
2019-10-30 20:55:52,16754,0.2340393,-0.6968994,0.8629608
2019-10-30 20:55:52,16763,0.121520996,-0.5245209,0.23806763
2019-10-30 20:55:53,16773,0.46388245,-0.091171265,0.8437958
2019-10-30 20:55:53,16784,0.29629517,-0.18693542,-0.44667053
2019-10-30 20:55:53,16793,0.10475159,-0.38085938,-1.026062
2019-10-30 20:55:53,16803,0.121520996,-0.6394348,-1.3588562
2019-10-30 20:55:53,16813,0.018569946,-1.0201111,-1.4211121
2019-10-30 20:55:53,16824,-0.13945007,-0.9698334,-1.342102
2019-10-30 20:55:53,16833,-0.20410156,-0.65141296,-1.1362
2019-10-30 20:55:53,16843,-0.24240112,-0.13186646,-0.56399536
2019-10-30 20:55:53,16854,-0.30944824,0.15783691,-0.44187927
2019-10-30 20:55:53,16863,-0.28071594,0.3254242,-0.31019592
2019-10-30 20:55:53,16874,-0.23043823,0.27275085,-0.032470703
2019-10-30 20:55:53,16883,0.032928467,0.14585876,0.08963013
2019-10-30 20:55:53,16893,0.24601746,-0.014556885,0.14230347
2019-10-30 20:55:53,16904,0.22447205,-0.009765625,0.18299866
2019-10-30 20:55:53,16913,0.2340393,0.033340454,0.25961304
2019-10-30 20:55:53,16923,0.20051575,0.035720825,0.2237091
2019-10-30 20:55:53,16934,0.21728516,0.021362305,0.22610474
2019-10-30 20:55:53,16943,0.205307,0.102767944,0.22131348
2019-10-30 20:55:53,16953,0.20770264,0.038116455,0.1662445
2019-10-30 20:55:53,16964,0.21488953,0.033340454,0.25004578
2019-10-30 20:55:53,16973,0.22447205,0.014175415,0.18539429
2019-10-30 20:55:53,16983,0.20770264,0.074035645,0.24525452
2019-10-30 20:55:53,16994,0.21488953,0.054885864,0.24046326
2019-10-30 20:55:53,17003,0.23164368,0.050094604,0.2069397
2019-10-30 20:55:53,17013,0.20770264,0.023757935,0.23806763
2019-10-30 20:55:53,17025,0.20051575,0.088394165,0.32426453
2019-10-30 20:55:53,17033,-0.16339111,-1.3050232,5.4239044
2019-10-30 20:55:53,17043,1.0097656,-0.84773254,0.5971985
2019-10-30 20:55:53,17053,1.0720062,-1.6042938,0.72169495
2019-10-30 20:55:53,17063,0.96188354,-1.3074188,0.63072205
2019-10-30 20:55:53,17073,0.35614014,-1.7886505,2.270752
2019-10-30 20:55:53,17083,0.3777008,-2.1669312,2.864502
2019-10-30 20:55:53,17094,0.6458435,-2.7223969,2.1989136
2019-10-30 20:55:53,17103,0.5165558,-2.6002808,0.5708618
2019-10-30 20:55:53,17113,-2.2846527,-0.13905334,2.167801
2019-10-30 20:55:53,17124,-4.7267456,0.7444153,4.375244
2019-10-30 20:55:53,17133,-4.913498,1.0029907,5.141388
2019-10-30 20:55:53,17144,-5.433029,0.56484985,6.1110535
2019-10-30 20:55:53,17153,-5.3109283,0.62231445,8.459763
2019-10-30 20:55:53,17163,-4.978134,2.1450195,11.699112
2019-10-30 20:55:53,17173,-5.5790863,3.4857788,13.557007
2019-10-30 20:55:53,17184,-5.622177,4.819336,14.691864
2019-10-30 20:55:53,17193,-4.3316956,5.001297,13.444489
2019-10-30 20:55:53,17204,-1.6885071,4.4626007,11.179565
2019-10-30 20:55:53,17214,2.4007874,3.01651,11.184357
2019-10-30 20:55:53,17223,3.5164948,2.6477966,10.885086
2019-10-30 20:55:53,17233,2.8485107,2.300644,9.201965
2019-10-30 20:55:53,17244,0.7248535,0.9862213,10.415817
2019-10-30 20:55:53,17253,1.0648346,0.25360107,13.504349
2019-10-30 20:55:53,17264,2.8987885,-1.3840332,17.897705
2019-10-30 20:55:53,17273,3.5859222,-2.3776245,20.141068
2019-10-30 20:55:53,17283,2.3576965,-3.78302,23.308594
2019-10-30 20:55:53,17294,1.2300262,-3.7973938,23.519287
2019-10-30 20:55:53,17303,-1.8560944,-0.34973145,22.054031
2019-10-30 20:55:53,17313,-3.0412292,0.5409088,18.733276
2019-10-30 20:55:53,17323,-2.9741821,-0.2348175,13.973602
2019-10-30 20:55:53,17334,-2.4259186,-1.6689453,11.100555
2019-10-30 20:55:53,17343,-1.9877777,-1.8485107,13.834747
2019-10-30 20:55:53,17353,-1.882431,-1.1110992,16.533005
2019-10-30 20:55:53,17364,-1.3102112,-0.5771942,17.995865
2019-10-30 20:55:53,17373,-0.6542053,-0.22045898,19.094803
2019-10-30 20:55:53,17384,-0.9223633,-0.009765625,18.6447
2019-10-30 20:55:53,17394,-0.62786865,1.1657867,16.403717
2019-10-30 20:55:53,17403,-0.09875488,1.4746399,13.801224
2019-10-30 20:55:53,17413,0.10475159,1.5297089,12.623276
2019-10-30 20:55:53,17424,0.3034668,1.6901245,11.905014
2019-10-30 20:55:53,17433,0.32980347,1.7715302,11.169998
2019-10-30 20:55:53,17444,0.028137207,1.3405609,11.325623
2019-10-30 20:55:53,17454,-0.13227844,1.0293274,11.548279
2019-10-30 20:55:53,17465,-0.13227844,1.0293274,11.548279
